source,speaker,token,syllable,vowel,onset,offset,TT,TM,TD,delTM,delTD
2015_06_12_19_F_03_1_001_sync,F03,cal.b,coda,ae,7.69721935,7.90710971,782,783,779,-10,30
2015_06_12_19_F_03_1_001_sync,F03,til.b,coda,ih,15.51199493,15.74961487,1559,1565,1560,-60,-10
2015_06_12_19_F_03_1_001_sync,F03,kil.b,coda,ih,18.20479687,18.4649837,1831,1833,1833,-20,-20
2015_06_12_19_F_03_1_001_sync,F03,al.b,coda,ae,21.05497492,21.36465878,2135,2111,2119,240,160
2015_06_12_19_F_03_1_001_sync,F03,kib.l,onset,ih,24.30714914,24.53262711,2447,2447,2443,0,40
2015_06_12_19_F_03_1_001_sync,F03,tal.b,coda,ae,27.09809706,27.40128335,2736,2732,2722,40,140
2015_06_12_19_F_03_1_001_sync,F03,il.b,coda,ih,32.57977468,32.88107344,3272,3275,3274,-30,-20
2015_06_12_19_F_03_1_001_sync,F03,tab.l,onset,ae,43.76466404,44.00276666,4396,4396,4387,0,90
2015_06_12_19_F_03_1_001_sync,F03,tib.l,onset,ih,46.67993774,46.90208174,4686,4688,4681,-20,50
2015_06_12_19_F_03_1_001_sync,F03,cab.l,onset,ae,52.24046537,52.49069654,5245,5243,5239,20,60
2015_06_12_19_F_03_1_002_sync,F03,tal.b,coda,ae,3.419829686,3.687296166,345,348,349,-30,-40
2015_06_12_19_F_03_1_002_sync,F03,tib.l,onset,ih,8.253424289,8.457694632,839,839,833,0,60
2015_06_12_19_F_03_1_002_sync,F03,tab.l,onset,ae,10.69544623,10.92145365,1085,1083,1077,20,80
2015_06_12_19_F_03_1_002_sync,F03,tab.l,onset,ae,26.13386597,26.37133025,2633,2633,2632,0,10
2015_06_12_19_F_03_1_002_sync,F03,cal.b,coda,ae,28.50242488,28.78201992,2879,2869,2862,100,170
2015_06_12_19_F_03_1_002_sync,F03,al.b,coda,ae,30.88739174,31.19571228,3116,3097,3105,190,110
2015_06_12_19_F_03_1_002_sync,F03,til.b,coda,ih,33.49689834,33.73883102,3359,3364,3360,-50,-10
2015_06_12_19_F_03_1_002_sync,F03,kil.b,coda,ih,38.21129583,38.44939845,3832,3833,3834,-10,-20
2015_06_12_19_F_03_1_002_sync,F03,il.b,coda,ih,42.96109369,43.25090224,4308,4311,4310,-30,-20
2015_06_12_19_F_03_1_002_sync,F03,kil.b,coda,ih,45.37506194,45.65146525,4555,4552,4549,30,60
2015_06_12_19_F_03_1_003_sync,F03,kib.l,onset,ih,4.437219799,4.669439282,458,460,455,-20,30
2015_06_12_19_F_03_1_003_sync,F03,kil.b,coda,ih,6.693190189,6.938314601,692,680,677,120,150
2015_06_12_19_F_03_1_003_sync,F03,cal.b,coda,ae,9.089662839,9.353937595,928,913,917,150,110
2015_06_12_19_F_03_1_003_sync,F03,til.b,coda,ih,11.50226751,11.72568819,1160,1162,1159,-20,10
2015_06_12_19_F_03_1_003_sync,F03,al.b,coda,ae,13.81209873,14.13701625,1413,1390,1395,230,180
2015_06_12_19_F_03_1_003_sync,F03,il.b,coda,ih,25.78673917,26.06441917,2588,2594,2592,-60,-40
2015_06_12_19_F_03_1_003_sync,F03,tib.l,onset,ih,28.4099109,28.61864965,2859,2861,2853,-20,60
2015_06_12_19_F_03_1_003_sync,F03,tal.b,coda,ae,31.05916837,31.30556947,3130,3125,3120,50,100
2015_06_12_19_F_03_1_003_sync,F03,cab.l,onset,ae,33.66118827,33.91844123,3386,3389,3385,-30,10
2015_06_12_19_F_03_1_003_sync,F03,tab.l,onset,ae,46.01967903,46.25778164,4622,4622,4616,0,60
2015_06_12_19_F_03_1_004_sync,F03,cal.b,coda,ae,2.372345577,2.641088747,256,243,248,130,80
2015_06_12_19_F_03_1_004_sync,F03,tab.l,onset,ae,4.599641041,4.832636901,478,475,469,30,90
2015_06_12_19_F_03_1_004_sync,F03,til.b,coda,ih,6.995648481,7.24970972,706,712,709,-60,-30
2015_06_12_19_F_03_1_004_sync,F03,kib.l,onset,ih,9.355443714,9.564820816,951,951,946,0,50
2015_06_12_19_F_03_1_004_sync,F03,kil.b,coda,ih,11.71716966,11.99293463,1189,1186,1182,30,70
2015_06_12_19_F_03_1_004_sync,F03,il.b,coda,ih,18.84444722,19.1304257,1898,1902,1899,-40,-10
2015_06_12_19_F_03_1_004_sync,F03,cab.l,onset,ae,23.81311042,24.06078821,2400,2399,2392,10,80
2015_06_12_19_F_03_1_004_sync,F03,al.b,onset,ae,30.79765879,31.07150872,3106,3088,3093,180,130
2015_06_12_19_F_03_1_004_sync,F03,tal.b,coda,ae,33.27456272,33.60841706,3345,3337,3344,80,10
2015_06_12_19_F_03_1_004_sync,F03,tib.l,onset,ih,39.99809886,40.21066768,4019,4019,4014,0,50
2015_06_12_19_F_03_1_005_sync,F03,tal.b,coda,ae,4.135997721,4.403464201,435,420,422,150,130
2015_06_12_19_F_03_1_005_sync,F03,il.b,coda,ih,8.709872523,8.986275831,896,885,881,110,150
2015_06_12_19_F_03_1_005_sync,F03,til.b,coda,ih,11.12402977,11.37043087,1119,1127,1122,-80,-30
2015_06_12_19_F_03_1_005_sync,F03,al.b,coda,ae,13.37530656,13.67086021,1345,1344,1351,10,-60
2015_06_12_19_F_03_1_005_sync,F03,tab.l,onset,ae,18.0800204,18.30867339,1827,1824,1816,30,110
2015_06_12_19_F_03_1_005_sync,F03,tib.l,onset,ih,20.56925925,20.76885689,2072,2074,2064,-20,80
2015_06_12_19_F_03_1_005_sync,F03,cal.b,coda,ae,29.7141778,29.96746468,2995,2977,2982,180,130
2015_06_12_19_F_03_1_005_sync,F03,kib.l,onset,ih,32.05126187,32.25591262,3225,3223,3218,20,70
2015_06_12_19_F_03_1_005_sync,F03,kil.b,coda,ih,36.9910927,37.23616828,3709,3714,3712,-50,-30
2015_06_12_19_F_03_1_005_sync,F03,cab.l,onset,ae,43.86319796,44.10827354,4408,4407,4404,10,40
2015_06_12_19_F_03_1_006_sync,F03,tib.l,onset,ih,2.222654168,2.434924102,229,230,226,-10,30
2015_06_12_19_F_03_1_006_sync,F03,cab.l,onset,ae,4.608352961,4.847563425,470,469,464,10,60
2015_06_12_19_F_03_1_006_sync,F03,tal.b,coda,ae,9.434817587,9.689313939,967,965,945,20,220
2015_06_12_19_F_03_1_006_sync,F03,kil.b,coda,ih,11.73814707,11.97441689,1179,1176,1175,30,40
2015_06_12_19_F_03_1_006_sync,F03,kib.l,onset,ih,14.06915399,14.29058755,1415,1415,1410,0,50
2015_06_12_19_F_03_1_006_sync,F03,il.b,coda,ih,16.33518971,16.60858765,1637,1639,1639,-20,-20
2015_06_12_19_F_03_1_006_sync,F03,tab.l,onset,ae,21.09037681,21.33672119,2122,2119,2110,30,120
2015_06_12_19_F_03_1_006_sync,F03,al.b,coda,ae,32.60899835,32.89522236,3283,3276,3266,70,170
2015_06_12_19_F_03_1_006_sync,F03,til.b,coda,ih,37.2492445,37.47403836,3730,3734,3729,-40,10
2015_06_12_19_F_03_1_006_sync,F03,cal.b,coda,ae,39.51911735,39.78778989,3968,3969,3953,-10,150
2015_06_12_19_F_03_1_007_sync,F03,til.b,coda,ih,7.3092965,7.540840927,738,743,740,-50,-20
2015_06_12_19_F_03_1_007_sync,F03,kib.l,onset,ih,9.653212382,9.889482205,983,983,978,0,50
2015_06_12_19_F_03_1_007_sync,F03,tib.l,onset,ih,18.73599049,18.94396955,1890,1890,1883,0,70
2015_06_12_19_F_03_1_007_sync,F03,il.b,coda,ih,20.99723218,21.2584791,2119,2116,2110,30,90
2015_06_12_19_F_03_1_007_sync,F03,al.b,coda,ae,23.24668767,23.55991395,2340,2330,2339,100,10
2015_06_12_19_F_03_1_007_sync,F03,tal.b,coda,ae,25.7745626,26.02500861,2604,2585,2589,190,150
2015_06_12_19_F_03_1_007_sync,F03,kil.b,coda,ih,28.07873296,28.35145584,2820,2824,2822,-40,-20
2015_06_12_19_F_03_1_007_sync,F03,tab.l,onset,ae,30.39037645,30.63609706,3059,3053,3049,60,100
2015_06_12_19_F_03_1_007_sync,F03,cal.b,coda,ae,32.82247618,33.08237298,3311,3288,3295,230,160
2015_06_12_19_F_03_1_007_sync,F03,cab.l,onset,ae,35.18274419,35.42941471,3529,3529,3531,0,-20
2015_06_12_19_F_03_1_008_sync,F03,tab.l,onset,ae,10.73078739,10.98557836,1091,1089,1083,20,80
2015_06_12_19_F_03_1_008_sync,F03,tal.b,coda,ae,17.68645572,17.94200644,1775,1775,1778,0,-30
2015_06_12_19_F_03_1_008_sync,F03,til.b,coda,ih,19.9910966,20.24664732,2006,2013,2009,-70,-30
2015_06_12_19_F_03_1_008_sync,F03,il.b,coda,ih,22.41004182,22.7112529,2261,2254,2253,70,80
2015_06_12_19_F_03_1_008_sync,F03,kil.b,coda,ih,27.28058469,27.52361564,2738,2743,2740,-50,-20
2015_06_12_19_F_03_1_008_sync,F03,tib.l,onset,ih,29.68667534,29.92307817,2987,2986,2980,10,70
2015_06_12_19_F_03_1_008_sync,F03, cab.l,onset,ae,35.8064276,36.05375468,3598,3599,3593,-10,50
2015_06_12_19_F_03_1_008_sync,F03,cal.b,coda,ae,38.36349717,38.61664341,3857,3845,3849,120,80
2015_06_12_19_F_03_1_008_sync,F03,al.b,coda,ae,40.69163789,40.97853696,4081,4076,4083,50,-20
2015_06_12_19_F_03_1_008_sync,F03,kib.l,onset,ih,43.25318156,43.48691785,4346,4344,4341,20,50
2015_06_12_19_F_03_1_009_sync,F03,al.b,coda,ae,1.870274604,2.151098164,214,193,197,210,170
2015_06_12_19_F_03_1_009_sync,F03,tal.b,coda,ae,4.436588955,4.677584174,448,448,453,0,-50
2015_06_12_19_F_03_1_009_sync,F03,kib.l,onset,ih,6.807210928,7.050231317,698,696,692,20,60
2015_06_12_19_F_03_1_009_sync,F03,cal.b,coda,ae,9.156195774,9.418455277,935,921,927,140,80
2015_06_12_19_F_03_1_009_sync,F03,cab.l,onset,ae,11.78060358,12.05197635,1200,1199,1200,10,0
2015_06_12_19_F_03_1_009_sync,F03,tab.l,onset,ae,16.41781792,16.67197675,1662,1659,1651,30,110
2015_06_12_19_F_03_1_009_sync,F03,til.b,coda,ih,21.09287191,21.33184196,2121,2125,2121,-40,0
2015_06_12_19_F_03_1_009_sync,F03,il.b,coda,ih,23.40831698,23.66247581,2358,2357,2353,10,50
2015_06_12_19_F_03_1_009_sync,F03,tib.l,onset,ih,30.28266951,30.50847596,3046,3046,3042,0,40
2015_06_12_19_F_03_1_009_sync,F03,kil.b,coda,ih,34.84912266,35.09062417,3498,3500,3497,-20,10
2015_06_12_19_F_03_1_010_sync,F03,tab.l,onset,ae,1.746401711,1.9894221,189,189,179,0,100
2015_06_12_19_F_03_1_010_sync,F03,cab.l,onset,ae,4.23588103,4.511979194,444,445,443,-10,10
2015_06_12_19_F_03_1_010_sync,F03,tal.b,coda,ae,6.61022187,6.855942486,678,668,673,100,50
2015_06_12_19_F_03_1_010_sync,F03,cal.b,coda,ae,9.023419945,9.252264144,918,907,911,110,70
2015_06_12_19_F_03_1_010_sync,F03,al.b,coda,ae,11.2894555,11.59525616,1140,1136,1143,40,-30
2015_06_12_19_F_03_1_010_sync,F03,tib.l,onset,ih,23.48201233,23.70410597,2364,2364,2358,0,60
2015_06_12_19_F_03_1_010_sync,F03,kib.l,onset,ih,26.06431794,26.28506146,2623,2623,2619,0,40
2015_06_12_19_F_03_1_010_sync,F03,til.b,coda,ih,28.51818506,28.73420319,2860,2868,2861,-80,-10
2015_06_12_19_F_03_1_010_sync,F03,kil.b,coda,ih,30.91248141,31.16022719,3103,3105,3104,-20,-10
2015_06_16_21_F_04_1_001_sync,F04,tal.b,coda,ae,11.68711089,11.94430746,1188,1179,1185,90,30
2015_06_16_21_F_04_1_001_sync,F04,cal.b,coda,ae,14.03026852,14.30096623,1409,1414,1418,-50,-90
2015_06_16_21_F_04_1_001_sync,F04,til.b,coda,ih,20.56255672,20.78397529,2070,2067,2068,30,20
2015_06_16_21_F_04_1_001_sync,F04,tib.l,onset,ih,22.86512833,23.07709612,2304,2303,2302,10,20
2015_06_16_21_F_04_1_001_sync,F04,al.b,coda,ae,25.07985954,25.36743367,2534,2521,2525,130,90
2015_06_16_21_F_04_1_001_sync,F04,cab.l,onset,ae,27.38732222,27.69649816,2762,2762,2763,0,-10
2015_06_16_21_F_04_1_001_sync,F04,tab.l,onset,ae,29.76144982,30.03754798,3002,2998,2997,40,50
2015_06_16_21_F_04_1_001_sync,F04,til.b,coda,ih,36.66257983,36.88264829,3681,3678,3676,30,50
2015_06_16_21_F_04_1_002_sync,F04,il.b,coda,ih,7.756273615,8.026296269,793,793,790,0,30
2015_06_16_21_F_04_1_002_sync,F04,tab.l,onset,ae,9.886368385,10.15099059,1010,1007,1006,30,40
2015_06_16_21_F_04_1_002_sync,F04,tib.l,onset,ih,14.31949021,14.55373486,1440,1447,1444,-70,-40
2015_06_16_21_F_04_1_002_sync,F04,cal.b,coda,ae,24.80658156,25.06040285,2499,2492,2494,70,50
2015_06_16_21_F_04_1_002_sync,F04,til.b,coda,ih,29.0601859,29.29645572,2920,2919,2918,10,20
2015_06_16_21_F_04_1_002_sync,F04,tal.b,coda,ae,31.14023744,31.37920749,3125,3128,3131,-30,-60
2015_06_16_21_F_04_1_002_sync,F04,tib.l,onset,ih,40.22537751,40.47784869,4044,4041,4039,30,50
2015_06_16_21_F_04_1_003_sync,F04,til.b,coda,ih,2.87072662,3.084044517,298,298,295,0,30
2015_06_16_21_F_04_1_003_sync,F04,cal.b,coda,ae,12.81898648,13.09981004,1309,1296,1302,130,70
2015_06_16_21_F_04_1_003_sync,F04,tib.l,onset,ih,16.81184124,17.07511332,1697,1697,1693,0,40
2015_06_16_21_F_04_1_003_sync,F04,til.b,coda,ih,24.7109777,24.90134367,2492,2484,2483,80,90
2015_06_16_21_F_04_1_003_sync,F04,tal.b,coda,ae,31.02538862,31.25220765,3115,3116,3116,-10,-10
2015_06_16_21_F_04_1_003_sync,F04,al.b,coda,ae,32.98738812,33.27901258,3326,3316,3316,100,100
2015_06_16_21_F_04_1_003_sync,F04,tib.l,onset,ih,37.10504545,37.39666991,3734,3731,3726,30,80
2015_06_16_21_F_04_1_004_sync,F04,tab.l,onset,ae,11.21861718,11.49066501,1127,1140,1138,-130,-110
2015_06_16_21_F_04_1_004_sync,F04,til.b,coda,ih,13.38262457,13.60404315,1352,1353,1345,-10,70
2015_06_16_21_F_04_1_004_sync,F04,tal.b,coda,ae,23.45032948,23.68659931,2369,2357,2359,120,100
2015_06_16_21_F_04_1_004_sync,F04,il.b,coda,ih,25.40768666,25.65171964,2546,2555,2555,-90,-90
2015_06_16_21_F_04_1_004_sync,F04,al.b,coda,ae,27.37762116,27.64224336,2765,2751,2754,140,110
2015_06_16_21_F_04_1_004_sync,F04,tib.l,onset,ih,29.40577655,29.64069626,2957,2959,2957,-20,0
2015_06_16_21_F_04_1_004_sync,F04,cab.l,onset,ae,33.49297423,33.79674971,3377,3376,3374,10,30
2015_06_16_21_F_04_1_004_sync,F04,tib.l,onset,ih,35.68702784,35.94489948,3588,3587,3586,10,20
2015_06_16_21_F_04_1_004_sync,F04,til.b,coda,ih,37.77788055,37.98849822,3792,3794,3793,-20,-10
2015_06_16_21_F_04_1_004_sync,F04,tal.b,coda,ae,40.55814381,40.80521454,4077,4068,4072,90,50
2015_06_16_21_F_04_1_005_sync,F04,kil.b,coda,ih,5.202325625,5.422394089,529,533,533,-40,-40
2015_06_16_21_F_04_1_005_sync,F04,il.b,coda,ih,7.161535921,7.432908689,732,729,728,30,40
2015_06_16_21_F_04_1_005_sync,F04,tal.b,coda,ae,11.19607876,11.46205108,1140,1130,1136,100,40
2015_06_16_21_F_04_1_005_sync,F04,tab.l,onset,ae,15.13670593,15.40132813,1532,1533,1534,-10,-20
2015_06_16_21_F_04_1_005_sync,F04,cab.l,onset,ae,19.06420458,19.3160007,1929,1930,1928,-10,10
2015_06_16_21_F_04_1_005_sync,F04,tib.l,onset,ih,21.07438784,21.30255698,2125,2124,2122,10,30
2015_06_16_21_F_04_1_005_sync,F04,til.b,coda,ih,27.44685402,27.66574416,2759,2757,2756,20,30
2015_06_16_21_F_04_1_005_sync,F04,tib.l,onset,ih,35.66141406,35.89835894,3575,3585,3577,-100,-20
2015_06_16_21_F_04_1_005_sync,F04,al.b,coda,ae,37.45304459,37.73116792,3772,3762,3763,100,90
2015_06_16_21_F_04_1_006_sync,F04,til.b,coda,ih,2.595992791,2.801210009,271,269,268,20,30
2015_06_16_21_F_04_1_006_sync,F04,il.b,coda,ih,6.508338268,6.782411263,666,663,662,30,40
2015_06_16_21_F_04_1_006_sync,F04,tib.l,onset,ih,8.422491854,8.625008845,848,857,852,-90,-40
2015_06_16_21_F_04_1_006_sync,F04,cab.l,onset,ae,10.44458367,10.70110519,1058,1060,1064,-20,-60
2015_06_16_21_F_04_1_006_sync,F04,cab.l,onset,ae,11.07478709,11.32803693,1131,1127,1126,40,50
2015_06_16_21_F_04_1_006_sync,F04,al.b,coda,ae,12.92772706,13.17884813,1313,1302,1307,110,60
2015_06_16_21_F_04_1_006_sync,F04,kil.b,coda,ih,14.93023017,15.13004693,1511,1504,1504,70,70
2015_06_16_21_F_04_1_006_sync,F04,tab.l,onset,ae,24.55602093,24.81659279,2476,2475,2474,10,20
2015_06_16_21_F_04_1_006_sync,F04,kib.l,onset,ih,34.57528703,34.76970334,3474,3474,3473,0,10
2015_06_16_21_F_04_1_006_sync,F04,cal.b,coda,ae,36.58167471,36.86384838,3684,3673,3678,110,60
2015_06_16_21_F_04_1_007_sync,F04,tab.l,onset,ae,4.340852367,4.605474568,446,445,448,10,-20
2015_06_16_21_F_04_1_007_sync,F04,kib.l,onset,ih,8.103169112,8.30028565,816,818,818,-20,-20
2015_06_16_21_F_04_1_007_sync,F04,cal.b,coda,ae,13.80435067,14.06081518,1401,1382,1388,190,130
2015_06_16_21_F_04_1_007_sync,F04,kil.b,coda,ih,15.56839754,15.80331725,1573,1562,1562,110,110
2015_06_16_21_F_04_1_007_sync,F04,cab.l,onset,ae,17.80996536,18.09078892,1795,1797,1795,-20,0
2015_06_16_21_F_04_1_007_sync,F04,tal.b,coda,ae,23.42956488,23.66178436,2358,2347,2352,110,60
2015_06_16_21_F_04_1_007_sync,F04,al.b,coda,ae,25.42641875,25.71804322,2565,2550,2555,150,100
2015_06_16_21_F_04_1_007_sync,F04,il.b,coda,ih,33.0094094,33.23420326,3313,3308,3308,50,50
2015_06_16_21_F_04_1_007_sync,F04,tib.l,onset,ih,35.03874868,35.26016726,3510,3514,3510,-40,0
2015_06_16_21_F_04_1_008_sync,F04,cal.b,coda,ae,4.096564701,4.354436336,428,418,422,100,60
2015_06_16_21_F_04_1_008_sync,F04,il.b,coda,ih,7.920062918,8.18468512,807,806,807,10,0
2015_06_16_21_F_04_1_008_sync,F04,al.b,coda,ae,9.875903909,10.15672747,1010,1007,1006,30,40
2015_06_16_21_F_04_1_008_sync,F04,tal.b,coda,ae,11.87587203,12.15129514,1209,1201,1202,80,70
2015_06_16_21_F_04_1_008_sync,F04,kib.l,onset,ih,15.9245077,16.15942741,1607,1609,1609,-20,-20
2015_06_16_21_F_04_1_008_sync,F04,tib.l,onset,ih,17.89747372,18.13509366,1806,1806,1813,0,-70
2015_06_16_21_F_04_1_008_sync,F04,cab.l,onset,ae,22.24145241,22.51687552,2245,2247,2247,-20,-20
2015_06_16_21_F_04_1_008_sync,F04,cab.l,onset,ae,32.44475873,32.70398048,3265,3265,3271,0,-60
2015_06_16_21_F_04_1_009_sync,F04,tal.b,coda,ae,2.955316098,3.213187733,309,307,309,20,0
2015_06_16_21_F_04_1_009_sync,F04,tab.l,onset,ae,14.70765416,14.94122376,1488,1488,1490,0,-20
2015_06_16_21_F_04_1_009_sync,F04,tib.l,onset,ih,16.57801175,16.80888112,1672,1675,1669,-30,30
2015_06_16_21_F_04_1_009_sync,F04,cal.b,coda,ae,24.35774667,24.57916525,2451,2444,2451,70,0
2015_06_16_21_F_04_1_009_sync,F04,cab.l,onset,ae,26.35198328,26.6490082,2659,2660,2660,-10,-10
2015_06_16_21_F_04_1_009_sync,F04,il.b,coda,ih,28.26073633,28.51590773,2842,2840,2839,20,30
2015_06_16_21_F_04_1_009_sync,F04,til.b,coda,ih,34.14150047,34.33861701,3429,3428,3426,10,30
2015_06_16_21_F_04_1_009_sync,F04,al.b,coda,ae,36.08742743,36.36734408,3629,3621,3623,80,60
2015_06_18_19_F_05_1_001_sync,F05,al.b,coda,ae,18.00908332,18.26689895,1823,1818,1818,50,50
2015_06_18_19_F_05_1_001_sync,F05,kib.l,onset,ih,25.47749921,25.69641367,2568,2567,2571,10,-30
2015_06_18_19_F_05_1_001_sync,F05,tab.l,onset,ae,28.23348345,28.46841604,2828,2835,2831,-70,-30
2015_06_18_19_F_05_1_001_sync,F05,til.b,coda,ih,30.5284869,30.72833216,3065,3063,3062,20,30
2015_06_18_19_F_05_1_001_sync,F05,il.b,coda,ih,35.29080877,35.52650413,3543,3540,3547,30,-40
2015_06_18_19_F_05_1_001_sync,F05,tal.b,coda,ae,38.09366862,38.33088951,3832,3828,3823,40,90
2015_06_18_19_F_05_1_001_sync,F05,til.b,coda,ih,41.03035894,41.25079894,4116,4109,4118,70,-20
2015_06_18_19_F_05_1_001_sync,F05,tab.l,onset,ae,43.59322864,43.82511015,4382,4379,4381,30,10
2015_06_18_19_F_05_1_001_sync,F05,tib.l,onset,ih,51.10557417,51.35576212,5131,5134,5126,-30,50
2015_06_18_19_F_05_1_001_sync,F05,cal.b,onset,ae,55.97516464,56.29629003,5624,5621,5613,30,110
2015_06_18_19_F_05_1_002_sync,F05,cab.l,onset,ae,10.09570394,10.32758546,1026,1026,1029,0,-30
2015_06_18_19_F_05_1_002_sync,F05,kil.b,coda,ih,12.46174439,12.7104068,1263,1256,1261,70,20
2015_06_18_19_F_05_1_002_sync,F05,kib.l,onset,ih,15.10893539,15.3743787,1531,1529,1532,20,-10
2015_06_18_19_F_05_1_002_sync,F05,cal.b,coda,ae,22.18733634,22.45277965,2242,2237,2230,50,120
2015_06_18_19_F_05_1_002_sync,F05,tab.l,onset,ae,24.85893584,25.11064933,2490,2502,2495,-120,-50
2015_06_18_19_F_05_1_002_sync,F05,kil.b,coda,ih,27.16912436,27.38727605,2729,2727,2727,20,20
2015_06_18_19_F_05_1_002_sync,F05,kib.l,onset,ih,29.69108045,29.93211518,2985,2989,2986,-40,-10
2015_06_18_19_F_05_1_002_sync,F05,al.b,coda,ae,39.19798425,39.48482659,3950,3943,3942,70,80
2015_06_18_19_F_05_1_002_sync,F05,il.b,coda,ih,41.51509378,41.82782872,4174,4171,4174,30,0
2015_06_18_19_F_05_1_002_sync,F05,tal.b,coda,ae,46.63792354,46.87438167,4687,4684,4678,30,90
2015_06_18_19_F_05_1_003_sync,F05,tal.b,coda,ae,6.415426752,6.633578441,657,643,648,140,90
2015_06_18_19_F_05_1_003_sync,F05,kib.l,onset,ih,19.40243667,19.64347141,1960,1958,1959,20,10
2015_06_18_19_F_05_1_003_sync,F05,cal.b,coda,ae,24.13861306,24.41320959,2437,2433,2430,40,70
2015_06_18_19_F_05_1_003_sync,F05,il.b,coda,ih,28.78118037,29.0725578,2895,2892,2892,30,30
2015_06_18_19_F_05_1_003_sync,F05,tib.l,onset,ih,31.42379463,31.6999167,3165,3165,3167,0,-20
2015_06_18_19_F_05_1_003_sync,F05,al.b,coda,ae,33.79944004,34.08929194,3407,3401,3394,60,130
2015_06_18_19_F_05_1_003_sync,F05,tab.l,onset,ae,36.19034074,36.47103942,3626,3635,3636,-90,-100
2015_06_18_19_F_05_1_003_sync,F05,til.b,coda,ih,38.66071036,38.90021955,3880,3880,3878,0,20
2015_06_18_19_F_05_1_004_sync,F05,kib.l,onset,ih,4.305672169,4.536028148,449,449,446,0,30
2015_06_18_19_F_05_1_004_sync,F05,cal.b,coda,ae,15.4508336,15.73000674,1572,1566,1558,60,140
2015_06_18_19_F_05_1_004_sync,F05,kil.b,coda,ih,17.73051119,17.97459699,1793,1782,1788,110,50
2015_06_18_19_F_05_1_004_sync,F05,tib.l,onset,ih,20.17494667,20.44344106,2023,2033,2029,-100,-60
2015_06_18_19_F_05_1_004_sync,F05,il.b,coda,ih,24.87992014,25.14078684,2507,2500,2512,70,-50
2015_06_18_19_F_05_1_004_sync,F05,al.b,coda,ae,29.61096867,29.89319288,2967,2966,2974,10,-70
2015_06_18_19_F_05_1_004_sync,F05,tal.b,coda,ae,32.0284959,32.27410724,3226,3223,3215,30,110
2015_06_18_19_F_05_1_004_sync,F05,cab.l,onset,ae,41.37992137,41.62553272,4160,4156,4155,40,50
2015_06_18_19_F_05_1_004_sync,F05,tab.l,onset,ae,43.89286517,44.16593616,4413,4410,4407,30,60
2015_06_18_19_F_05_1_005_sync,F05,il.b,coda,ih,5.329186899,5.560305646,552,544,547,80,50
2015_06_18_19_F_05_1_005_sync,F05,tab.l,onset,ae,10.15308198,10.3849635,1035,1034,1033,10,20
2015_06_18_19_F_05_1_005_sync,F05,til.b,coda,ih,12.48310251,12.69820312,1260,1267,1257,-70,30
2015_06_18_19_F_05_1_005_sync,F05,kil.b,coda,ih,15.01421188,15.28118073,1514,1509,1520,50,-60
2015_06_18_19_F_05_1_005_sync,F05,cab.l,onset,ae,21.9206506,22.22728339,2213,2216,2217,-30,-40
2015_06_18_19_F_05_1_005_sync,F05,tal.b,coda,ae,24.24983774,24.50612784,2451,2443,2442,80,90
2015_06_18_19_F_05_1_005_sync,F05,tib.l,onset,ih,30.93202253,31.17305727,3114,3112,3102,20,120
2015_06_18_19_F_05_1_005_sync,F05,al.b,coda,ae,33.83743966,34.11203619,3413,3405,3399,80,140
2015_06_18_19_F_05_1_005_sync,F05,kib.l,onset,ih,36.16676776,36.45967073,3637,3642,3641,-50,-40
2015_06_18_19_F_05_1_005_sync,F05,cal.b,coda,ae,42.96475235,43.20578709,4324,4315,4307,90,170
2015_06_18_19_F_05_1_006_sync,F05,al.b,coda,ae,7.206615901,7.491891186,747,740,743,70,40
2015_06_18_19_F_05_1_006_sync,F05,tib.l,onset,ih,9.548007076,9.761582156,972,973,976,-10,-40
2015_06_18_19_F_05_1_006_sync,F05,tal.b,coda,ae,11.63546709,11.90853809,1189,1181,1180,80,90
2015_06_18_19_F_05_1_006_sync,F05,cab.l,onset,ae,15.90775175,16.17929721,1612,1612,1612,0,0
2015_06_18_19_F_05_1_006_sync,F05,il.b,coda,ih,20.19667633,20.44991535,2036,2032,2038,40,-20
2015_06_18_19_F_05_1_006_sync,F05,cal.b,coda,ae,24.86420334,25.13117219,2510,2512,2510,-20,0
2015_06_18_19_F_05_1_006_sync,F05,kib.l,onset,ih,27.3010111,27.55425012,2750,2750,2750,0,0
2015_06_18_19_F_05_1_006_sync,F05,kil.b,coda,ih,32.07394118,32.31192484,3227,3215,3223,120,40
2015_06_18_19_F_05_1_006_sync,F05,tab.l,onset,ae,34.56927063,34.83318841,3479,3479,3480,0,-10
2015_06_18_19_F_05_1_006_sync,F05,til.b,coda,ih,39.30642108,39.49558758,3945,3945,3943,0,20
2015_06_18_19_F_05_1_007_sync,F05,il.b,coda,ih,5.518975317,5.750856832,572,563,569,90,30
2015_06_18_19_F_05_1_007_sync,F05,al.b,coda,ae,13.7659255,14.05425186,1400,1398,1399,20,10
2015_06_18_19_F_05_1_007_sync,F05,kib.l,onset,ih,15.91607372,16.17541489,1611,1606,1609,50,20
2015_06_18_19_F_05_1_007_sync,F05,tab.l,onset,ae,20.43271425,20.70578524,2049,2059,2058,-100,-90
2015_06_18_19_F_05_1_007_sync,F05,kil.b,coda,ih,22.60436075,22.83166565,2273,2266,2280,70,-70
2015_06_18_19_F_05_1_007_sync,F05,tib.l,onset,ih,27.00520156,27.23250646,2707,2721,2719,-140,-120
2015_06_18_19_F_05_1_007_sync,F05,cab.l,onset,ae,29.15992641,29.41774204,2938,2937,2943,10,-50
2015_06_18_19_F_05_1_007_sync,F05,tal.b,coda,ae,31.49826696,31.76523581,3156,3155,3167,10,-110
2015_06_18_19_F_05_1_007_sync,F05,til.b,coda,ih,36.13237398,36.33221924,3628,3629,3621,-10,70
2015_06_18_19_F_05_1_007_sync,F05,cal.b,coda,ae,38.24022995,38.46448379,3847,3840,3848,70,-10
2015_06_18_19_F_05_1_008_sync,F05,kil.b,coda,ih,5.696982104,5.925812547,591,585,582,60,90
2015_06_18_19_F_05_1_008_sync,F05,tal.b,coda,ae,10.56116221,10.82660552,1080,1062,1063,180,170
2015_06_18_19_F_05_1_008_sync,F05,kib.l,onset,ih,18.09305737,18.33714318,1828,1831,1824,-30,40
2015_06_18_19_F_05_1_008_sync,F05,tab.l,onset,ae,23.54407627,23.78663654,2360,2372,2372,-120,-120
2015_06_18_19_F_05_1_008_sync,F05,cal.b,coda,ae,35.61563643,35.86429884,3589,3579,3584,100,50
2015_06_18_19_F_05_1_008_sync,F05,tib.l,onset,ih,38.18280729,38.42994417,3838,3841,3843,-30,-50
2015_06_18_19_F_05_1_008_sync,F05,al.b,coda,ae,40.51878888,40.77660451,4079,4072,4069,70,100
2015_06_18_19_F_05_1_008_sync,F05,il.b,coda,ih,42.85047574,43.12659781,4301,4299,4301,20,0
2015_06_18_19_F_05_1_009_sync,F05,til.b,coda,ih,5.294721518,5.476260336,547,540,541,70,60
2015_06_18_19_F_05_1_009_sync,F05,tab.l,onset,ae,11.55188024,11.79825435,1175,1173,1179,20,-40
2015_06_18_19_F_05_1_009_sync,F05,cal.b,coda,ae,13.77275418,14.02523044,1403,1393,1385,100,180
2015_06_18_19_F_05_1_009_sync,F05,al.b,coda,ae,18.13400105,18.39639329,1837,1832,1838,50,-10
2015_06_18_19_F_05_1_009_sync,F05,tib.l,onset,ih,31.67699205,31.92031509,3174,3184,3180,-100,-60
2015_06_18_19_F_05_1_009_sync,F05,il.b,coda,ih,33.97723539,34.24420424,3425,3408,3423,170,20
2015_06_18_19_F_05_1_010_sync,F05,tab.l,onset,ae,2.919457458,3.151338973,296,308,310,-120,-140
2015_06_18_19_F_05_1_010_sync,F05,cal.b,coda,ae,9.362691216,9.602200414,960,950,943,100,170
2015_06_18_19_F_05_1_010_sync,F05,al.b,coda,ae,11.60617325,11.8563612,1185,1176,1174,90,110
2015_06_18_19_F_05_1_010_sync,F05,tib.l,onset,ih,22.61653167,22.83163229,2270,2282,2271,-120,-10
2015_06_18_19_F_05_1_010_sync,F05,kib.l,onset,ih,24.72812499,24.96763419,2490,2493,2496,-30,-60
2015_06_18_19_F_05_1_010_sync,F05,til.b,coda,ih,27.45831734,27.66884135,2758,2761,2752,-30,60
2015_06_18_19_F_05_1_010_sync,F05,kil.b,coda,ih,29.85698736,30.10793808,3000,2996,3008,40,-80
2015_06_18_19_F_05_1_010_sync,F05,il.b,coda,ih,32.19914206,32.48441735,3237,3230,3244,70,-70
2015_06_19_19_M_06_1_001_sync,M06,al.b,coda,ae,24.64766304,24.99701085,2489,2471,2476,180,130
2015_06_19_19_M_06_1_001_sync,M06,kil.b,coda,ih,32.48147509,32.82472075,3278,3259,3256,190,220
2015_06_19_19_M_06_1_001_sync,M06,al.b,coda,ae,35.01720085,35.37781286,3533,3508,3516,250,170
2015_06_19_19_M_06_1_001_sync,M06,til.b,coda,ih,37.80484294,38.0977459,3807,3792,3792,150,150
2015_06_19_19_M_06_1_001_sync,M06,il.b,coda,ih,40.2879687,40.64189312,4058,4048,4046,100,120
2015_06_19_19_M_06_1_001_sync,M06,til.b,coda,ih,44.74899818,45.06020758,4496,4485,4487,110,90
2015_06_19_19_M_06_1_001_sync,M06,til.b,coda,ih,47.4136627,47.68520816,4768,4754,4748,140,200
2015_06_19_19_M_06_1_001_sync,M06,cal.b,coda,ae,49.68418758,50.01370342,4988,4979,4978,90,100
2015_06_19_19_M_06_1_001_sync,M06,tab.l,onset,ae,52.24137228,52.54495401,5253,5249,5238,40,150
2015_06_19_19_M_06_1_003_sync,M06,cal.b,coda,ae,2.555165146,2.848068113,278,277,263,10,150
2015_06_19_19_M_06_1_003_sync,M06,tal.b,coda,ae,6.760608118,7.085547348,701,697,685,40,160
2015_06_19_19_M_06_1_003_sync,M06,kil.b,coda,ih,10.75441197,11.00917653,1096,1089,1086,70,100
2015_06_19_19_M_06_1_003_sync,M06,til.b,coda,ih,21.18645491,21.48393448,2150,2140,2140,100,100
2015_06_19_19_M_06_1_003_sync,M06,cal.b,coda,ae,23.30859169,23.63810753,2360,2349,2346,110,140
2015_06_19_19_M_06_1_003_sync,M06,tab.l,onset,ae,27.91135391,28.21493563,2817,2814,2821,30,-40
2015_06_19_19_M_06_1_003_sync,M06,il.b,coda,ih,29.99410877,30.3404055,3030,3024,3012,60,180
2015_06_19_19_M_06_1_003_sync,M06,al.b,coda,ae,32.11901486,32.47293927,3244,3232,3237,120,70
2015_06_19_19_M_06_1_003_sync,M06,kil.b,coda,ih,36.40834995,36.75769776,3678,3658,3654,200,240
2015_06_19_19_M_06_1_003_sync,M06,til.b,coda,ih,38.77262406,39.11739526,3908,3900,3902,80,60
2015_06_19_19_M_06_1_003_sync,M06,kil.b,coda,ih,42.00977435,42.27826874,4227,4216,4216,110,110
2015_06_19_19_M_06_1_003_sync,M06,tib.l,onset,ih,47.91630606,48.15428973,4800,4811,4806,-110,-60
2015_06_19_19_M_06_1_004_sync,M06,tal.b,coda,ae,4.449844949,4.72444148,464,460,448,40,160
2015_06_19_19_M_06_1_004_sync,M06,tab.l,onset,ae,10.65898431,10.98544908,1073,1083,1078,-100,-50
2015_06_19_19_M_06_1_004_sync,M06,al.b,onset,ae,14.5749858,14.8648377,1486,1473,1468,130,180
2015_06_19_19_M_06_1_004_sync,M06,il.b,coda,ih,20.65805697,20.99367495,2095,2086,2082,90,130
2015_06_19_19_M_06_1_004_sync,M06,kil.b,coda,ih,22.79683378,23.11261979,2291,2293,2293,-20,-20
2015_06_19_19_M_06_1_004_sync,M06,til.b,coda,ih,27.1298579,27.38462246,2735,2726,2720,90,150
2015_06_19_19_M_06_1_004_sync,M06,kil.b,coda,ih,29.24644392,29.52104045,2952,2946,2938,60,140
2015_06_19_19_M_06_1_004_sync,M06,cab.l,onset,ae,32.19319103,32.46015988,3240,3239,3243,10,-30
2015_06_19_19_M_06_1_004_sync,M06,cal.b,coda,ae,36.87222997,37.15750525,3717,3710,3706,70,110
2015_06_19_19_M_06_1_005_sync,M06,tal.b,coda,ae,3.785850103,4.022308227,398,382,389,160,90
2015_06_19_19_M_06_1_005_sync,M06,kib.l,onset,ih,5.8817711,6.138061196,603,606,603,-30,0
2015_06_19_19_M_06_1_005_sync,M06,til.b,coda,ih,8.097376223,8.327732203,827,820,819,70,80
2015_06_19_19_M_06_1_005_sync,M06,al.b,coda,ae,12.09603881,12.35537998,1229,1214,1221,150,80
2015_06_19_19_M_06_1_005_sync,M06,tab.l,onset,ae,14.20776652,14.4930418,1425,1437,1432,-120,-70
2015_06_19_19_M_06_1_005_sync,M06,tib.l,onset,ih,26.8115976,27.04805572,2699,2699,2705,0,-60
2015_06_19_19_M_06_1_005_sync,M06,cab.l,onset,ae,28.79560308,29.03816335,2897,2895,2903,20,-60
2015_06_19_19_M_06_1_005_sync,M06,il.b,coda,ih,30.68280754,30.95587853,3080,3088,3080,-80,0
2015_06_19_19_M_06_1_005_sync,M06,kil.b,coda,ih,36.81927279,37.0465777,3694,3696,3694,-20,0
2015_06_19_19_M_06_1_005_sync,M06,cab.l,onset,ae,38.65710853,38.91492416,3886,3885,3878,10,80
2015_06_19_19_M_06_1_006_sync,M06,tal.b,coda,ae,2.872998837,3.120135715,302,290,300,120,20
2015_06_19_19_M_06_1_006_sync,M06,til.b,coda,ih,8.499143535,8.709667542,857,860,859,-30,-20
2015_06_19_19_M_06_1_006_sync,M06,tib.l,onset,ih,10.51878777,10.86813558,1076,1074,1072,20,40
2015_06_19_19_M_06_1_006_sync,M06,cab.l,onset,ae,12.59141538,12.84770548,1276,1277,1282,-10,-60
2015_06_19_19_M_06_1_006_sync,M06,al.b,coda,ae,16.51726276,16.80406358,1662,1660,1667,20,-50
2015_06_19_19_M_06_1_006_sync,M06,cal.b,coda,ae,20.568627,20.80661066,2069,2064,2070,50,-10
2015_06_19_19_M_06_1_006_sync,M06,tab.l,onset,ae,24.60126199,24.8621287,2481,2478,2482,30,-10
2015_06_19_19_M_06_1_006_sync,M06,il.b,coda,ih,30.65313088,30.87280811,3087,3077,3079,100,80
2015_06_19_19_M_06_1_006_sync,M06,kil.b,coda,ih,34.88782899,35.11513389,3500,3504,3501,-40,-10
2015_06_19_19_M_06_1_006_sync,M06,kib.l,onset,ih,37.01259417,37.32227804,3725,3724,3722,10,30
2015_06_19_19_M_06_1_007_sync,M06,cab.l,onset,ae,3.449087967,3.693936541,361,361,365,0,-40
2015_06_19_19_M_06_1_007_sync,M06,kil.b,coda,ih,7.366996469,7.583622621,751,750,747,10,40
2015_06_19_19_M_06_1_007_sync,M06,tab.l,onset,ae,15.6321817,15.90525269,1569,1579,1577,-100,-80
2015_06_19_19_M_06_1_007_sync,M06,al.b,coda,ae,19.64998415,19.89559549,1971,1971,1978,0,-70
2015_06_19_19_M_06_1_007_sync,M06,cal.b,coda,ae,23.88191294,24.09548802,2394,2395,2400,-10,-60
2015_06_19_19_M_06_1_007_sync,M06,til.b,coda,ih,26.03635579,26.2514564,2614,2617,2615,-30,-10
2015_06_19_19_M_06_1_007_sync,M06,tal.b,coda,ae,30.27105401,30.49988445,3034,3035,3042,-10,-80
2015_06_19_19_M_06_1_007_sync,M06,il.b,coda,ih,32.21012674,32.46336577,3237,3236,3234,10,30
2015_06_19_19_M_06_1_008_sync,M06,cab.l,onset,ae,8.675807577,8.900061411,885,883,889,20,-40
2015_06_19_19_M_06_1_008_sync,M06,cal.b,coda,ae,15.03204998,15.27766132,1509,1510,1516,-10,-70
2015_06_19_19_M_06_1_008_sync,M06,cab.l,onset,ae,21.50856919,21.76791036,2171,2162,2160,90,110
2015_06_19_19_M_06_1_008_sync,M06,il.b,coda,ih,23.697266,23.98101575,2399,2382,2387,170,120
2015_06_19_19_M_06_1_008_sync,M06,tib.l,onset,ih,28.82994128,29.05572065,2901,2901,2907,0,-60
2015_06_19_19_M_06_1_008_sync,M06,til.b,coda,ih,31.21404776,31.42609731,3133,3136,3132,-30,10
2015_06_19_19_M_06_1_008_sync,M06,kil.b,coda,ih,33.72158174,33.95193772,3387,3386,3386,10,10
2015_06_19_19_M_06_1_008_sync,M06,kib.l,onset,ih,35.99238814,36.25783145,3620,3620,3625,0,-50
2015_06_23_19_M_07_1_001_sync,M07,tib.l,onset,ih,12.08351001,12.30852661,1224,1225,1220,-10,40
2015_06_23_19_M_07_1_001_sync,M07,kib.l,onset,ih,16.74788736,16.95230922,1690,1691,1694,-10,-40
2015_06_23_19_M_07_1_001_sync,M07,al.b,coda,ae,18.82924551,19.07028025,1900,1892,1896,80,40
2015_06_23_19_M_07_1_001_sync,M07,kil.b,coda,ih,23.97329164,24.16856028,2417,2409,2409,80,80
2015_06_23_19_M_07_1_001_sync,M07,il.b,coda,ih,28.2218608,28.45984446,2848,2835,2835,130,130
2015_06_23_19_M_07_1_001_sync,M07,al.b,coda,ae,32.81561167,33.0566464,3298,3292,3295,60,30
2015_06_23_19_M_07_1_001_sync,M07,tab.l,onset,ae,44.16851705,44.41107732,4438,4433,4439,50,-10
2015_06_23_19_M_07_1_001_sync,M07,tab.l,onset,ae,46.38023802,46.60906846,4659,4656,4663,30,-40
2015_06_23_19_M_07_1_002_sync,M07,tal.b,coda,ae,7.681272783,7.899424472,781,774,775,70,60
2015_06_23_19_M_07_1_002_sync,M07,al.b,coda,ae,9.707159951,9.914632886,979,973,980,60,-10
2015_06_23_19_M_07_1_002_sync,M07,kil.b,coda,ih,15.92433763,16.10129984,1601,1599,1604,20,-30
2015_06_23_19_M_07_1_002_sync,M07,cal.b,coda,ae,20.63998972,20.87492231,2080,2073,2074,70,60
2015_06_23_19_M_07_1_002_sync,M07,cab.l,onset,ae,27.13841735,27.37029886,2719,2727,2729,-80,-100
2015_06_23_19_M_07_1_002_sync,M07,tib.l,onset,ih,34.08132746,34.26591735,3426,3424,3424,20,20
2015_06_23_19_M_07_1_002_sync,M07,il.b,coda,ih,38.68866632,38.89919033,3891,3881,3881,100,100
2015_06_23_19_M_07_1_003_sync,M07,til.b,coda,ih,3.99637411,4.164183102,405,407,411,-20,-60
2015_06_23_19_M_07_1_003_sync,M07,tal.b,coda,ae,6.154560078,6.352879795,625,620,620,50,50
2015_06_23_19_M_07_1_003_sync,M07,kib.l,onset,ih,14.13496332,14.34548733,1428,1428,1428,0,0
2015_06_23_19_M_07_1_003_sync,M07,tab.l,onset,ae,16.15488925,16.38219416,1634,1626,1631,80,30
2015_06_23_19_M_07_1_003_sync,M07,til.b,coda,ih,21.02517175,21.2204404,2113,2112,2109,10,40
2015_06_23_19_M_07_1_003_sync,M07,al.b,coda,ae,29.77650968,30.03432531,2995,2987,2992,80,30
2015_06_23_19_M_07_1_003_sync,M07,cal.b,coda,ae,34.88103259,35.1083375,3510,3499,3502,110,80
2015_06_23_19_M_07_1_003_sync,M07,tib.l,onset,ih,37.52600556,37.68771241,3767,3767,3766,0,10
2015_06_23_19_M_07_1_003_sync,M07,tab.l,onset,ae,39.88570322,40.07486972,4006,4001,4003,50,30
2015_06_23_19_M_07_1_004_sync,M07,il.b,coda,ih,7.683422945,7.895472489,787,777,779,100,80
2015_06_23_19_M_07_1_004_sync,M07,til.b,coda,ih,9.776152075,9.95921643,989,985,987,40,20
2015_06_23_19_M_07_1_004_sync,M07,cal.b,coda,ae,18.18480903,18.4273693,1833,1826,1831,70,20
2015_06_23_19_M_07_1_004_sync,M07,tab.l,onset,ae,26.14953494,26.37531431,2635,2631,2623,40,120
2015_06_23_19_M_07_1_004_sync,M07,tib.l,onset,ih,28.08610808,28.27374904,2825,2824,2823,10,20
2015_06_23_19_M_07_1_004_sync,M07,til.b,coda,ih,30.10131678,30.27522791,3016,3019,3016,-30,0
2015_06_23_19_M_07_1_004_sync,M07,tal.b,coda,ae,34.47109553,34.70450258,3461,3456,3454,50,70
2015_06_23_19_M_07_1_004_sync,M07,al.b,coda,ae,36.30962385,36.55523519,3646,3640,3645,60,10
2015_06_23_19_M_07_1_004_sync,M07,tib.l,onset,ih,38.45505444,38.64422094,3861,3862,3860,-10,10
2015_06_23_19_M_07_1_004_sync,M07,tab.l,onset,ae,40.63959749,40.85622365,4086,4076,4081,100,50
2015_06_23_19_M_07_1_005_sync,M07,tab.l,onset,ae,6.655817261,6.895326458,670,680,677,-100,-70
2015_06_23_19_M_07_1_005_sync,M07,cab.l,onset,ae,10.83421149,11.05693979,1101,1095,1097,60,40
2015_06_23_19_M_07_1_005_sync,M07,al.b,coda,ae,18.64292197,18.88243116,1880,1874,1876,60,40
2015_06_23_19_M_07_1_005_sync,M07,tab.l,onset,ae,20.60321128,20.81983743,2066,2074,2074,-80,-80
2015_06_23_19_M_07_1_005_sync,M07,tib.l,onset,ih,22.56502611,22.76182029,2272,2271,2270,10,20
2015_06_23_19_M_07_1_005_sync,M07,til.b,coda,ih,26.65715714,26.85090025,2687,2677,2680,100,70
2015_06_23_19_M_07_1_005_sync,M07,tal.b,coda,ae,28.91020849,29.13293678,2905,2899,2905,60,0
2015_06_23_19_M_07_1_005_sync,M07,il.b,coda,ih,31.95375715,32.17495991,3207,3208,3208,-10,-10
2015_06_23_19_M_07_1_005_sync,M07,tib.l,onset,ih,36.42422116,36.59203015,3659,3659,3656,0,30
2015_06_23_19_M_07_1_005_sync,M07,til.b,coda,ih,39.29080756,39.5150614,3943,3942,3942,10,10
2015_06_23_19_M_07_1_006_sync,M07,tib.l,onset,ih,5.309110612,5.483021749,544,544,544,0,0
2015_06_23_19_M_07_1_006_sync,M07,kib.l,onset,ih,7.537753131,7.723868558,768,768,767,0,10
2015_06_23_19_M_07_1_006_sync,M07,tab.l,onset,ae,22.02573692,22.24693968,2217,2213,2215,40,20
2015_06_23_19_M_07_1_006_sync,M07,tal.b,coda,ae,24.00974229,24.23094506,2408,2410,2416,-20,-80
2015_06_23_19_M_07_1_006_sync,M07,il.b,coda,ih,25.99069662,26.21495046,2610,2609,2610,10,0
2015_06_23_19_M_07_1_006_sync,M07,tal.b,coda,ae,30.66751793,30.88566962,3079,3074,3079,50,0
2015_06_23_19_M_07_1_006_sync,M07,al.b,coda,ae,32.87411067,33.12582416,3301,3295,3301,60,0
2015_06_23_19_M_07_1_006_sync,M07,tab.l,onset,ae,35.4060528,35.64251093,3560,3553,3551,70,90
2015_06_23_19_M_07_1_006_sync,M07,til.b,coda,ih,37.60349218,37.80943957,3769,3770,3771,-10,-20
2015_06_23_19_M_07_1_006_sync,M07,kil.b,coda,ih,39.85959415,40.04723511,3996,3995,3997,10,-10
2015_06_23_19_M_07_1_007_sync,M07,cal.b,coda,ae,3.744660623,3.970439993,392,381,385,110,70
2015_06_23_19_M_07_1_007_sync,M07,tib.l,onset,ih,10.25848471,10.45070229,1039,1039,1037,0,20
2015_06_23_19_M_07_1_007_sync,M07,il.b,coda,ih,15.80401611,16.04047424,1601,1591,1593,100,80
2015_06_23_19_M_07_1_007_sync,M07,til.b,coda,ih,20.24687922,20.44672447,2042,2036,2035,60,70
2015_06_23_19_M_07_1_007_sync,M07,cab.l,onset,ae,22.39383513,22.6196145,2260,2253,2251,70,90
2015_06_23_19_M_07_1_007_sync,M07,tib.l,onset,ih,28.68645641,28.90613363,2887,2886,2884,10,30
2015_06_23_19_M_07_1_007_sync,M07,al.b,coda,ae,30.67532034,30.87516559,3085,3076,3080,90,50
2015_06_23_19_M_07_1_007_sync,M07,tal.b,coda,ae,32.82241726,33.01921145,3296,3292,3295,40,10
2015_06_23_19_M_07_1_007_sync,M07,til.b,coda,ih,34.96646303,35.15105293,3518,3508,3508,100,100
2015_06_23_19_M_07_1_008_sync,M07,tal.b,coda,ae,3.302537263,3.491703763,340,337,337,30,30
2015_06_23_19_M_07_1_008_sync,M07,cal.b,coda,ae,7.650817628,7.878122535,777,770,777,70,0
2015_06_23_19_M_07_1_008_sync,M07,al.b,coda,ae,9.584480579,9.798055659,969,963,969,60,0
2015_06_23_19_M_07_1_008_sync,M07,tab.l,onset,ae,15.19117499,15.40780114,1535,1530,1533,50,20
2015_06_23_19_M_07_1_008_sync,M07,tib.l,onset,ih,17.35269426,17.52050325,1746,1746,1742,0,40
2015_06_23_19_M_07_1_008_sync,M07,tab.l,onset,ae,23.13718403,23.35838679,2332,2329,2330,30,20
2015_06_23_19_M_07_1_008_sync,M07,kib.l,onset,ih,25.1858136,25.39023546,2535,2535,2535,0,0
2015_06_23_19_M_07_1_008_sync,M07,til.b,coda,ih,27.17675465,27.36897222,2728,2727,2728,10,0
2015_06_23_19_M_07_1_008_sync,M07,il.b,coda,ih,31.46124426,31.69465131,3158,3159,3159,-10,-10
2015_06_23_19_M_07_1_008_sync,M07,til.b,coda,ih,33.41612379,33.61444351,3355,3358,3353,-30,20
2015_06_23_19_M_07_1_009_sync,M07,til.b,coda,ih,2.839575352,3.007384344,296,292,289,40,70
2015_06_23_19_M_07_1_009_sync,M07,kib.l,onset,ih,8.720724703,8.909891203,887,886,886,10,10
2015_06_23_19_M_07_1_009_sync,M07,kil.b,coda,ih,18.70343984,18.90633616,1880,1881,1881,-10,-10
2015_06_23_19_M_07_1_009_sync,M07,cab.l,onset,ae,20.63696158,20.84748559,2085,2078,2077,70,80
2015_06_23_19_M_07_1_009_sync,M07,cal.b,coda,ae,30.10113543,30.33606802,3024,3020,3025,40,-10
2015_06_23_19_M_07_1_009_sync,M07,al.b,coda,ae,32.38691519,32.61727117,3254,3248,3250,60,40
2015_06_23_19_M_07_1_009_sync,M07,il.b,coda,ih,34.92717755,35.20024855,3506,3510,3512,-40,-60
2015_06_23_19_M_07_1_009_sync,M07,tib.l,onset,ih,37.84743935,38.04423353,3802,3801,3798,10,40
2015_06_23_19_M_07_1_010_sync,M07,cab.l,onset,ae,4.849969713,5.077274619,501,498,498,30,30
2015_06_23_19_M_07_1_010_sync,M07,tal.b,coda,ae,6.96474832,7.164593573,708,704,703,40,50
2015_06_23_19_M_07_1_010_sync,M07,tal.b,coda,ae,9.000762934,9.246374276,913,907,913,60,0
2015_06_23_19_M_07_1_010_sync,M07,tib.l,onset,ih,20.78802113,20.9802387,2095,2095,2091,0,40
2015_06_23_19_M_07_1_010_sync,M07,kib.l,onset,ih,22.93290004,23.12206654,2306,2309,2306,-30,0
2015_06_23_19_M_07_1_010_sync,M07,til.b,coda,ih,25.16099121,25.35015771,2529,2528,2524,10,50
2015_06_23_19_M_07_1_010_sync,M07,kil.b,coda,ih,27.1784174,27.35843069,2726,2729,2731,-30,-50
2015_06_23_19_M_07_1_010_sync,M07,il.b,coda,ih,29.15603872,29.39402238,2929,2928,2928,10,10
2015_06_23_19_M_08_1_001_sync,M08,tib.l,onset,ih,14.28681179,14.44851863,1440,1441,1438,-10,20
2015_06_23_19_M_08_1_001_sync,M08,tib.l,onset,ih,16.40520523,16.57453976,1644,1653,1650,-90,-60
2015_06_23_19_M_08_1_001_sync,M08,kil.b,coda,ih,19.183592,19.34987545,1928,1928,1928,0,0
2015_06_23_19_M_08_1_001_sync,M08,il.b,coda,ih,21.61734842,21.82634689,2178,2174,2170,40,80
2015_06_23_19_M_08_1_001_sync,M08,al.b,coda,ae,26.11193834,26.32093681,2622,2619,2617,30,50
2015_06_23_19_M_08_1_001_sync,M08,tab.l,onset,ae,28.99447183,29.21262352,2916,2915,2917,10,-10
2015_06_23_19_M_08_1_001_sync,M08,til.b,coda,ih,33.9723749,34.1447605,3408,3409,3408,-10,0
2015_06_23_19_M_08_1_001_sync,M08,cal.b,coda,ae,36.49072821,36.68904792,3659,3658,3658,10,10
2015_06_23_19_M_08_1_001_sync,M08,cab.l,onset,ae,39.23000238,39.44052638,3942,3938,3941,40,10
2015_06_23_19_M_08_1_001_sync,M08,tal.b,coda,ae,46.121736,46.30785143,4623,4621,4620,20,30
2015_06_23_19_M_08_1_002_sync,M08,il.b,coda,ih,4.564694389,4.795050368,466,468,465,-20,10
2015_06_23_19_M_08_1_002_sync,M08,tal.b,coda,ae,6.958646188,7.158491442,706,705,705,10,10
2015_06_23_19_M_08_1_002_sync,M08,kib.l,onset,ih,13.79255115,13.98019211,1383,1391,1393,-80,-100
2015_06_23_19_M_08_1_002_sync,M08,kil.b,coda,ih,20.57847223,20.76306212,2070,2070,2069,0,10
2015_06_23_19_M_08_1_002_sync,M08,kib.l,onset,ih,23.10195378,23.29417135,2315,2324,2323,-90,-80
2015_06_23_19_M_08_1_002_sync,M08,cal.b,coda,ae,29.79495819,30.02836524,2997,2990,2987,70,100
2015_06_23_19_M_08_1_002_sync,M08,tab.l,onset,ae,33.92591969,34.12118833,3408,3406,3407,20,10
2015_06_23_19_M_08_1_002_sync,M08,til.b,coda,ih,36.11725719,36.29116833,3621,3625,3620,-40,10
2015_06_23_19_M_08_1_002_sync,M08,cab.l,onset,ae,38.21858808,38.41995887,3839,3837,3832,20,70
2015_06_23_19_M_08_1_002_sync,M08,al.b,coda,ae,42.4883734,42.6775399,4264,4258,4258,60,60
2015_06_23_19_M_08_1_003_sync,M08,il.b,coda,ih,7.914974857,8.101090284,793,799,803,-60,-100
2015_06_23_19_M_08_1_003_sync,M08,kib.l,onset,ih,11.94390143,12.12238918,1205,1207,1205,-20,0
2015_06_23_19_M_08_1_003_sync,M08,tal.b,coda,ae,17.98928668,18.16548612,1810,1808,1814,20,-40
2015_06_23_19_M_08_1_003_sync,M08,cal.b,coda,ae,20.05941444,20.26917568,2019,2016,2012,30,70
2015_06_23_19_M_08_1_003_sync,M08,til.b,coda,ih,24.31016566,24.48560233,2442,2442,2442,0,0
2015_06_23_19_M_08_1_003_sync,M08,cab.l,onset,ae,26.45657034,26.67014542,2662,2659,2661,30,10
2015_06_23_19_M_08_1_003_sync,M08,kil.b,coda,ih,28.66607337,28.85371433,2879,2878,2879,10,0
2015_06_23_19_M_08_1_003_sync,M08,al.b,coda,ae,30.68128195,30.89943364,3081,3077,3086,40,-50
2015_06_23_19_M_08_1_003_sync,M08,kib.l,onset,ih,36.65351185,36.82742299,3680,3679,3677,10,30
2015_06_23_19_M_08_1_003_sync,M08,kib.l,onset,ih,38.68196289,38.89172413,3885,3884,3884,10,10
2015_06_23_19_M_08_1_004_sync,M08,cab.l,onset,ae,5.31643733,5.51780812,536,538,543,-20,-70
2015_06_23_19_M_08_1_004_sync,M08,al.b,coda,ae,7.146081585,7.359656665,724,724,722,0,20
2015_06_23_19_M_08_1_004_sync,M08,kil.b,coda,ih,14.65218383,14.8108396,1474,1474,1474,0,0
2015_06_23_19_M_08_1_004_sync,M08,kib.l,onset,ih,16.52122269,16.67530186,1657,1664,1664,-70,-70
2015_06_23_19_M_08_1_004_sync,M08,til.b,coda,ih,18.6240789,18.77815806,1872,1872,1871,0,10
2015_06_23_19_M_08_1_004_sync,M08,tab.l,onset,ae,20.87033547,21.05034875,2092,2101,2099,-90,-70
2015_06_23_19_M_08_1_004_sync,M08,tal.b,coda,ae,26.85369548,27.04133644,2697,2695,2697,20,0
2015_06_23_19_M_08_1_004_sync,M08,cal.b,coda,ae,31.21403843,31.3894751,3131,3131,3133,0,-20
2015_06_23_19_M_08_1_004_sync,M08,il.b,coda,ih,33.06906551,33.28569166,3317,3322,3319,-50,-20
2015_06_23_19_M_08_1_004_sync,M08,tib.l,onset,ih,35.2726071,35.43278841,3540,3541,3543,-10,-30
2015_06_23_19_M_08_1_005_sync,M08,tal.b,coda,ae,5.32589302,5.521161665,539,540,541,-10,-20
2015_06_23_19_M_08_1_005_sync,M08,til.b,coda,ih,9.048574691,9.190449565,914,913,912,10,20
2015_06_23_19_M_08_1_005_sync,M08,al.b,coda,ae,12.47086666,12.65850763,1257,1256,1257,10,0
2015_06_23_19_M_08_1_005_sync,M08,tib.l,onset,ih,16.22696927,16.38562504,1626,1636,1631,-100,-50
2015_06_23_19_M_08_1_005_sync,M08,kib.l,onset,ih,21.66377749,21.81938219,2171,2178,2174,-70,-30
2015_06_23_19_M_08_1_005_sync,M08,il.b,coda,ih,23.47401287,23.67690919,2364,2359,2357,50,70
2015_06_23_19_M_08_1_005_sync,M08,cab.l,onset,ae,27.64449754,27.86722584,2782,2779,2783,30,-10
2015_06_23_19_M_08_1_005_sync,M08,tab.l,onset,ae,30.02721946,30.24537115,3021,3019,3024,20,-30
2015_06_23_19_M_08_1_005_sync,M08,kil.b,coda,ih,33.85363763,34.03365091,3398,3398,3397,0,10
2015_06_23_19_M_08_1_005_sync,M08,cal.b,coda,ae,35.88853725,36.08990804,3600,3601,3600,-10,0
2015_06_23_19_M_08_1_006_sync,M08,cal.b,coda,ae,3.126407986,3.329304312,319,320,323,-10,-40
2015_06_23_19_M_08_1_006_sync,M08,kil.b,coda,ih,5.155346106,5.347563678,526,523,526,30,0
2015_06_23_19_M_08_1_006_sync,M08,tab.l,onset,ae,7.130890394,7.333786721,718,727,725,-90,-70
2015_06_23_19_M_08_1_006_sync,M08,tal.b,coda,ae,13.08526502,13.2942635,1320,1318,1320,20,0
2015_06_23_19_M_08_1_006_sync,M08,til.b,coda,ih,16.99142099,17.16380659,1711,1711,1711,0,0
2015_06_23_19_M_08_1_006_sync,M08,kib.l,onset,ih,21.09437099,21.26675659,2122,2124,2125,-20,-30
2015_06_23_19_M_08_1_006_sync,M08,kib.l,onset,ih,29.02664886,29.19598339,2907,2916,2917,-90,-100
2015_06_23_19_M_08_1_006_sync,M08,cab.l,onset,ae,33.15844319,33.36133952,3321,3330,3338,-90,-170
2015_06_23_19_M_08_1_006_sync,M08,al.b,coda,ae,35.23162191,35.42841609,3537,3534,3533,30,40
2015_06_23_19_M_08_1_006_sync,M08,il.b,coda,ih,37.2924553,37.47704519,3746,3742,3740,40,60
2015_06_23_19_M_08_1_007_sync,M08,al.b,coda,ae,2.490823396,2.699821867,259,256,259,30,0
2015_06_23_19_M_08_1_007_sync,M08,til.b,coda,ih,5.00667761,5.180588747,510,511,509,-10,10
2015_06_23_19_M_08_1_007_sync,M08,tib.l,onset,ih,9.519716026,9.682948409,955,964,968,-90,-130
2015_06_23_19_M_08_1_007_sync,M08,tal.b,coda,ae,11.65544214,11.84613417,1173,1173,1175,0,-20
2015_06_23_19_M_08_1_007_sync,M08,cal.b,coda,ae,13.76523411,13.96965597,1386,1385,1386,10,0
2015_06_23_19_M_08_1_007_sync,M08,kil.b,coda,ih,15.96322537,16.14323866,1606,1607,1607,-10,-10
2015_06_23_19_M_08_1_007_sync,M08,il.b,coda,ih,20.08836697,20.29278884,2026,2020,2018,60,80
2015_06_23_19_M_08_1_007_sync,M08,tab.l,onset,ae,30.2444309,30.44427616,3030,3040,3039,-100,-90
2015_06_23_19_M_08_1_007_sync,M08,kib.l,onset,ih,38.62951276,38.80037282,3869,3878,3876,-90,-70
2015_06_23_19_M_08_1_008_sync,M08,kib.l,onset,ih,3.364802088,3.550917515,341,349,354,-80,-130
2015_06_23_19_M_08_1_008_sync,M08,tib.l,onset,ih,5.391663301,5.567099974,543,551,551,-80,-80
2015_06_23_19_M_08_1_008_sync,M08,til.b,coda,ih,13.18747601,13.36291268,1328,1329,1329,-10,-10
2015_06_23_19_M_08_1_008_sync,M08,kil.b,coda,ih,17.14785891,17.32787219,1725,1725,1731,0,-60
2015_06_23_19_M_08_1_008_sync,M08,al.b,coda,ae,19.17055388,19.38565449,1929,1926,1928,30,10
2015_06_23_19_M_08_1_008_sync,M08,il.b,coda,ih,25.26818795,25.49854393,2546,2540,2540,60,60
2015_06_23_19_M_08_1_008_sync,M08,tab.l,onset,ae,27.39850373,27.60292559,2746,2756,2755,-100,-90
2015_06_23_19_M_08_1_008_sync,M08,cab.l,onset,ae,29.59746862,29.78663512,2965,2973,2971,-80,-60
2015_06_23_19_M_08_1_008_sync,M08,tal.b,coda,ae,33.88264974,34.09012268,3398,3398,3401,0,-30
2015_06_23_19_M_08_1_008_sync,M08,cal.b,coda,ae,38.13634573,38.3621251,3825,3825,3828,0,-30
2015_06_23_19_M_08_1_009_sync,M08,til.b,coda,ih,5.111805115,5.281902411,520,521,521,-10,-10
2015_06_23_19_M_08_1_009_sync,M08,tib.l,onset,ih,7.213312128,7.390274337,725,735,728,-100,-30
2015_06_23_19_M_08_1_009_sync,M08,cal.b,coda,ae,16.11484549,16.33147164,1622,1621,1624,10,-20
2015_06_23_19_M_08_1_009_sync,M08,cab.l,onset,ae,18.33378363,18.53210334,1838,1846,1846,-80,-80
2015_06_23_19_M_08_1_009_sync,M08,il.b,coda,ih,20.38629728,20.64106184,2048,2052,2052,-40,-40
2015_06_23_19_M_08_1_009_sync,M08,kib.l,onset,ih,24.90918073,25.10597492,2497,2505,2505,-80,-80
2015_06_23_19_M_08_1_009_sync,M08,tal.b,coda,ae,26.98083417,27.18220496,2711,2706,2711,50,0
2015_06_23_19_M_08_1_009_sync,M08,tab.l,onset,ae,33.20716558,33.4390471,3327,3330,3334,-30,-70
2015_06_23_19_M_08_1_009_sync,M08,al.b,coda,ae,39.35042567,39.57315397,3952,3946,3952,60,0
2015_06_23_19_M_08_1_010_sync,M08,tab.l,onset,ae,3.051246398,3.248040579,308,317,320,-90,-120
2015_06_23_19_M_08_1_010_sync,M08,cab.l,onset,ae,5.066172799,5.29195217,510,514,520,-40,-100
2015_06_23_19_M_08_1_010_sync,M08,tal.b,coda,ae,7.035896948,7.232691129,711,711,713,0,-20
2015_06_23_19_M_08_1_010_sync,M08,cal.b,coda,ae,9.076347133,9.282294531,916,916,918,0,-20
2015_06_23_19_M_08_1_010_sync,M08,al.b,coda,ae,11.0456483,11.28820857,1116,1115,1118,10,-20
2015_06_23_19_M_08_1_010_sync,M08,kib.l,onset,ih,23.05563401,23.21886639,2317,2319,2324,-20,-70
2015_06_23_19_M_08_1_010_sync,M08,til.b,coda,ih,25.64859765,25.82403432,2574,2576,2574,-20,0
2015_06_23_19_M_08_1_010_sync,M08,kil.b,coda,ih,27.70208537,27.87294544,2779,2781,2781,-20,-20
2015_06_23_19_M_08_1_010_sync,M08,il.b,coda,ih,29.68816746,29.90937022,2982,2982,2981,0,10
