source,speaker,srate,token,syllable,vowel,onset,offset,DeltaHeightMin,DeltaHeightMax,LaDuration_v1,LaDuration,comments,,
2015_06_12_19_F_03_1_001_sync,F03,100,cal.b,coda,ae,7.69721935,7.90710971,8,22,140,140,black - right dominant - 99,,
2015_06_12_19_F_03_1_001_sync,F03,100,til.b,coda,ih,15.51199493,15.74961487,1,20,190,190,,,
2015_06_12_19_F_03_1_001_sync,F03,100,kil.b,coda,ih,18.20479687,18.4649837,1,21,200,200,,,
2015_06_12_19_F_03_1_001_sync,F03,100,al.b,coda,ae,21.05497492,21.36465878,12,22,100,100,,,
2015_06_12_19_F_03_1_001_sync,F03,100,kib.l,onset,ih,24.30714914,24.53262711,1,15,140,140,,,
2015_06_12_19_F_03_1_001_sync,F03,100,tal.b,coda,ae,27.09809706,27.40128335,1,19,180,180,,,
2015_06_12_19_F_03_1_001_sync,F03,100,il.b,coda,ih,32.57977468,32.88107344,1,24,230,230,,,
2015_06_12_19_F_03_1_001_sync,F03,100,tab.l,onset,ae,43.76466404,44.00276666,1,15,140,140,,,
2015_06_12_19_F_03_1_001_sync,F03,100,tib.l,onset,ih,46.67993774,46.90208174,1,15,140,140,,,
2015_06_12_19_F_03_1_001_sync,F03,100,cab.l,onset,ae,52.24046537,52.49069654,1,15,140,140,,,
2015_06_12_19_F_03_1_002_sync,F03,100,tal.b,coda,ae,3.419829686,3.687296166,1,25,240,240,,,
2015_06_12_19_F_03_1_002_sync,F03,100,tib.l,onset,ih,8.253424289,8.457694632,1,12,110,110,,,
2015_06_12_19_F_03_1_002_sync,F03,100,tab.l,onset,ae,10.69544623,10.92145365,1,14,130,130,,,
2015_06_12_19_F_03_1_002_sync,F03,100,tab.l,onset,ae,26.13386597,26.37133025,1,18,170,170,,,
2015_06_12_19_F_03_1_002_sync,F03,100,cal.b,coda,ae,28.50242488,28.78201992,1,21,200,200,,,
2015_06_12_19_F_03_1_002_sync,F03,100,al.b,coda,ae,30.88739174,31.19571228,12,26,140,140,,,
2015_06_12_19_F_03_1_002_sync,F03,100,til.b,coda,ih,33.49689834,33.73883102,1,13,120,120,,,
2015_06_12_19_F_03_1_002_sync,F03,100,kil.b,coda,ih,38.21129583,38.44939845,1,25,240,240,,,
2015_06_12_19_F_03_1_002_sync,F03,100,il.b,coda,ih,42.96109369,43.25090224,9,24,150,150,,,
2015_06_12_19_F_03_1_002_sync,F03,100,kil.b,coda,ih,45.37506194,45.65146525,1,14,130,130,,,
2015_06_12_19_F_03_1_003_sync,F03,100,kib.l,onset,ih,4.437219799,4.669439282,1,14,130,130,,,
2015_06_12_19_F_03_1_003_sync,F03,100,kil.b,coda,ih,6.693190189,6.938314601,1,17,160,160,,,
2015_06_12_19_F_03_1_003_sync,F03,100,cal.b,coda,ae,9.089662839,9.353937595,1,22,210,210,,,
2015_06_12_19_F_03_1_003_sync,F03,100,til.b,coda,ih,11.50226751,11.72568819,1,9,80,80,,,
2015_06_12_19_F_03_1_003_sync,F03,100,al.b,coda,ae,13.81209873,14.13701625,7,21,140,140,,,
2015_06_12_19_F_03_1_003_sync,F03,100,il.b,coda,ih,25.78673917,26.06441917,1,20,190,190,,,
2015_06_12_19_F_03_1_003_sync,F03,100,tib.l,onset,ih,28.4099109,28.61864965,1,15,140,140,,,
2015_06_12_19_F_03_1_003_sync,F03,100,tal.b,coda,ae,31.05916837,31.30556947,9,31,220,220,,,
2015_06_12_19_F_03_1_003_sync,F03,100,cab.l,onset,ae,33.66118827,33.91844123,4,16,120,120,,,
2015_06_12_19_F_03_1_003_sync,F03,100,tab.l,onset,ae,46.01967903,46.25778164,1,15,140,140,,,
2015_06_12_19_F_03_1_004_sync,F03,100,cal.b,coda,ae,2.372345577,2.641088747,11,17,60,60,,,
2015_06_12_19_F_03_1_004_sync,F03,100,tab.l,onset,ae,4.599641041,4.832636901,1,17,160,160,,,
2015_06_12_19_F_03_1_004_sync,F03,100,til.b,coda,ih,6.995648481,7.24970972,1,20,190,190,,,
2015_06_12_19_F_03_1_004_sync,F03,100,kib.l,onset,ih,9.355443714,9.564820816,1,15,140,140,,,
2015_06_12_19_F_03_1_004_sync,F03,100,kil.b,coda,ih,11.71716966,11.99293463,1,14,130,130,,,
2015_06_12_19_F_03_1_004_sync,F03,100,il.b,coda,ih,18.84444722,19.1304257,7,29,220,220,,,
2015_06_12_19_F_03_1_004_sync,F03,100,cab.l,onset,ae,23.81311042,24.06078821,1,17,160,160,,,
2015_06_12_19_F_03_1_004_sync,F03,100,al.b,onset,ae,30.79765879,31.07150872,5,22,170,170,,,
2015_06_12_19_F_03_1_004_sync,F03,100,tal.b,coda,ae,33.27456272,33.60841706,9,21,120,120,,,
2015_06_12_19_F_03_1_004_sync,F03,100,tib.l,onset,ih,39.99809886,40.21066768,1,16,150,150,,,
2015_06_12_19_F_03_1_005_sync,F03,100,tal.b,coda,ae,4.135997721,4.403464201,5,21,160,160,,,
2015_06_12_19_F_03_1_005_sync,F03,100,il.b,coda,ih,8.709872523,8.986275831,1,20,190,190,,,
2015_06_12_19_F_03_1_005_sync,F03,100,til.b,coda,ih,11.12402977,11.37043087,1,20,190,190,,,
2015_06_12_19_F_03_1_005_sync,F03,100,al.b,coda,ae,13.37530656,13.67086021,9,31,220,220,,,
2015_06_12_19_F_03_1_005_sync,F03,100,tab.l,onset,ae,18.0800204,18.30867339,1,15,140,140,,,
2015_06_12_19_F_03_1_005_sync,F03,100,tib.l,onset,ih,20.56925925,20.76885689,1,14,130,130,,,
2015_06_12_19_F_03_1_005_sync,F03,100,cal.b,coda,ae,29.7141778,29.96746468,7,25,180,180,,,
2015_06_12_19_F_03_1_005_sync,F03,100,kib.l,onset,ih,32.05126187,32.25591262,3,14,110,110,,,
2015_06_12_19_F_03_1_005_sync,F03,100,kil.b,coda,ih,36.9910927,37.23616828,3,19,160,160,,,
2015_06_12_19_F_03_1_005_sync,F03,100,cab.l,onset,ae,43.86319796,44.10827354,5,16,110,110,,,
2015_06_12_19_F_03_1_006_sync,F03,100,tib.l,onset,ih,2.222654168,2.434924102,1,9,80,80,,,
2015_06_12_19_F_03_1_006_sync,F03,100,cab.l,onset,ae,4.608352961,4.847563425,1,9,80,80,,,
2015_06_12_19_F_03_1_006_sync,F03,100,tal.b,coda,ae,9.434817587,9.689313939,1,8,70,70,,,
2015_06_12_19_F_03_1_006_sync,F03,100,kil.b,coda,ih,11.73814707,11.97441689,1,4,30,30,,,
2015_06_12_19_F_03_1_006_sync,F03,100,kib.l,onset,ih,14.06915399,14.29058755,1,9,80,80,,,
2015_06_12_19_F_03_1_006_sync,F03,100,il.b,coda,ih,16.33518971,16.60858765,1,19,180,180,,,
2015_06_12_19_F_03_1_006_sync,F03,100,tab.l,onset,ae,21.09037681,21.33672119,4,20,160,160,,,
2015_06_12_19_F_03_1_006_sync,F03,100,al.b,coda,ae,32.60899835,32.89522236,4,20,160,160,,,
2015_06_12_19_F_03_1_006_sync,F03,100,til.b,coda,ih,37.2492445,37.47403836,1,21,200,200,,,
2015_06_12_19_F_03_1_006_sync,F03,100,cal.b,coda,ae,39.51911735,39.78778989,1,15,140,140,,,
2015_06_12_19_F_03_1_007_sync,F03,100,til.b,coda,ih,7.3092965,7.540840927,1,23,220,220,,,
2015_06_12_19_F_03_1_007_sync,F03,100,kib.l,onset,ih,9.653212382,9.889482205,1,16,150,150,,,
2015_06_12_19_F_03_1_007_sync,F03,100,tib.l,onset,ih,18.73599049,18.94396955,1,14,130,130,,,
2015_06_12_19_F_03_1_007_sync,F03,100,il.b,coda,ih,20.99723218,21.2584791,1,14,130,130,,,
2015_06_12_19_F_03_1_007_sync,F03,100,al.b,coda,ae,23.24668767,23.55991395,10,31,210,210,,,
2015_06_12_19_F_03_1_007_sync,F03,100,tal.b,coda,ae,25.7745626,26.02500861,9,23,140,140,,,
2015_06_12_19_F_03_1_007_sync,F03,100,kil.b,coda,ih,28.07873296,28.35145584,1,28,270,270,,,
2015_06_12_19_F_03_1_007_sync,F03,100,tab.l,onset,ae,30.39037645,30.63609706,1,16,150,150,,,
2015_06_12_19_F_03_1_007_sync,F03,100,cal.b,coda,ae,32.82247618,33.08237298,7,20,130,130,,,
2015_06_12_19_F_03_1_007_sync,F03,100,cab.l,onset,ae,35.18274419,35.42941471,1,16,150,150,,,
2015_06_12_19_F_03_1_008_sync,F03,100,tab.l,onset,ae,10.73078739,10.98557836,3,17,140,140,,,
2015_06_12_19_F_03_1_008_sync,F03,100,tal.b,coda,ae,17.68645572,17.94200644,10,26,160,160,,,
2015_06_12_19_F_03_1_008_sync,F03,100,til.b,coda,ih,19.9910966,20.24664732,1,32,310,310,,,
2015_06_12_19_F_03_1_008_sync,F03,100,il.b,coda,ih,22.41004182,22.7112529,1,17,160,160,,,
2015_06_12_19_F_03_1_008_sync,F03,100,kil.b,coda,ih,27.28058469,27.52361564,1,28,270,270,,,
2015_06_12_19_F_03_1_008_sync,F03,100,tib.l,onset,ih,29.68667534,29.92307817,1,14,130,130,,,
2015_06_12_19_F_03_1_008_sync,F03,100, cab.l,onset,ae,35.8064276,36.05375468,1,14,130,130,,,
2015_06_12_19_F_03_1_008_sync,F03,100,cal.b,coda,ae,38.36349717,38.61664341,1,15,140,140,,,
2015_06_12_19_F_03_1_008_sync,F03,100,al.b,coda,ae,40.69163789,40.97853696,8,21,130,130,,,
2015_06_12_19_F_03_1_008_sync,F03,100,kib.l,onset,ih,43.25318156,43.48691785,3,16,130,130,,,
2015_06_12_19_F_03_1_009_sync,F03,100,al.b,coda,ae,1.870274604,2.151098164,5,23,180,180,,,
2015_06_12_19_F_03_1_009_sync,F03,100,tal.b,coda,ae,4.436588955,4.677584174,11,23,120,120,,,
2015_06_12_19_F_03_1_009_sync,F03,100,kib.l,onset,ih,6.807210928,7.050231317,2,16,140,140,,,
2015_06_12_19_F_03_1_009_sync,F03,100,cal.b,coda,ae,9.156195774,9.418455277,5,17,120,120,,,
2015_06_12_19_F_03_1_009_sync,F03,100,cab.l,onset,ae,11.78060358,12.05197635,7,23,160,160,,,
2015_06_12_19_F_03_1_009_sync,F03,100,tab.l,onset,ae,16.41781792,16.67197675,3,18,150,150,,,
2015_06_12_19_F_03_1_009_sync,F03,100,til.b,coda,ih,21.09287191,21.33184196,1,26,250,250,,,
2015_06_12_19_F_03_1_009_sync,F03,100,il.b,coda,ih,23.40831698,23.66247581,2,15,130,130,,,
2015_06_12_19_F_03_1_009_sync,F03,100,tib.l,onset,ih,30.28266951,30.50847596,1,15,140,140,,,
2015_06_12_19_F_03_1_009_sync,F03,100,kil.b,coda,ih,34.84912266,35.09062417,1,18,170,170,,,
2015_06_12_19_F_03_1_010_sync,F03,100,tab.l,onset,ae,1.746401711,1.9894221,1,14,130,130,,,
2015_06_12_19_F_03_1_010_sync,F03,100,cab.l,onset,ae,4.23588103,4.511979194,7,22,150,150,,,
2015_06_12_19_F_03_1_010_sync,F03,100,tal.b,coda,ae,6.61022187,6.855942486,11,18,70,70,,,
2015_06_12_19_F_03_1_010_sync,F03,100,cal.b,coda,ae,9.023419945,9.252264144,3,23,200,200,,,
2015_06_12_19_F_03_1_010_sync,F03,100,al.b,coda,ae,11.2894555,11.59525616,14,34,200,200,,,
2015_06_12_19_F_03_1_010_sync,F03,100,tib.l,onset,ih,23.48201233,23.70410597,1,13,120,120,,,
2015_06_12_19_F_03_1_010_sync,F03,100,kib.l,onset,ih,26.06431794,26.28506146,1,14,130,130,,,
2015_06_12_19_F_03_1_010_sync,F03,100,til.b,coda,ih,28.51818506,28.73420319,2,22,200,200,,,
2015_06_12_19_F_03_1_010_sync,F03,100,kil.b,coda,ih,30.91248141,31.16022719,1,24,230,230,,,
2015_06_16_21_F_04_1_001_sync,F04,100,tal.b,coda,ae,11.68711089,11.94430746,2,18,160,160,,red - left dominant - 13,
2015_06_16_21_F_04_1_001_sync,F04,100,cal.b,coda,ae,14.03026852,14.30096623,6,19,130,130,,black - right dominant - 69,
2015_06_16_21_F_04_1_001_sync,F04,100,til.b,coda,ih,20.56255672,20.78397529,1,8,70,70,,bad - 6,
2015_06_16_21_F_04_1_001_sync,F04,100,tib.l,onset,ih,22.86512833,23.07709612,1,18,170,170,,,
2015_06_16_21_F_04_1_001_sync,F04,100,al.b,coda,ae,25.07985954,25.36743367,1,16,150,150,,,
2015_06_16_21_F_04_1_001_sync,F04,100,cab.l,onset,ae,27.38732222,27.69649816,3,28,250,250,,,
2015_06_16_21_F_04_1_001_sync,F04,100,tab.l,onset,ae,29.76144982,30.03754798,1,28,270,270,,,
2015_06_16_21_F_04_1_001_sync,F04,100,til.b,coda,ih,36.66257983,36.88264829,1,6,50,50,,,
2015_06_16_21_F_04_1_002_sync,F04,100,il.b,coda,ih,7.756273615,8.026296269,4,21,170,170,,,
2015_06_16_21_F_04_1_002_sync,F04,100,tab.l,onset,ae,9.886368385,10.15099059,2,21,190,190,,,
2015_06_16_21_F_04_1_002_sync,F04,100,tib.l,onset,ih,14.31949021,14.55373486,5,18,130,130,,,
2015_06_16_21_F_04_1_002_sync,F04,100,cal.b,coda,ae,24.80658156,25.06040285,1,17,160,160,,,
2015_06_16_21_F_04_1_002_sync,F04,100,til.b,coda,ih,29.0601859,29.29645572,7,26,190,190,,,
2015_06_16_21_F_04_1_002_sync,F04,100,tal.b,coda,ae,31.14023744,31.37920749,6,17,110,110,,,
2015_06_16_21_F_04_1_002_sync,F04,100,tib.l,onset,ih,40.22537751,40.47784869,4,18,140,140,,,
2015_06_16_21_F_04_1_003_sync,F04,100,til.b,coda,ih,2.87072662,3.084044517,9,14,50,50,,,
2015_06_16_21_F_04_1_003_sync,F04,100,cal.b,coda,ae,12.81898648,13.09981004,5,25,200,200,,,
2015_06_16_21_F_04_1_003_sync,F04,100,tib.l,onset,ih,16.81184124,17.07511332,19,28,90,90,,,
2015_06_16_21_F_04_1_003_sync,F04,100,til.b,coda,ih,24.7109777,24.90134367,5,11,60,60,,,
2015_06_16_21_F_04_1_003_sync,F04,100,tal.b,coda,ae,31.02538862,31.25220765,1,18,170,170,,,
2015_06_16_21_F_04_1_003_sync,F04,100,al.b,coda,ae,32.98738812,33.27901258,6,27,210,210,,,
2015_06_16_21_F_04_1_003_sync,F04,100,tib.l,onset,ih,37.10504545,37.39666991,1,5,40,40,,,
2015_06_16_21_F_04_1_004_sync,F04,100,tab.l,onset,ae,11.21861718,11.49066501,1,24,230,230,,,
2015_06_16_21_F_04_1_004_sync,F04,100,til.b,coda,ih,13.38262457,13.60404315,3,10,70,70,,,
2015_06_16_21_F_04_1_004_sync,F04,100,tal.b,coda,ae,23.45032948,23.68659931,2,14,120,120,,,
2015_06_16_21_F_04_1_004_sync,F04,100,il.b,coda,ih,25.40768666,25.65171964,1,26,250,250,,,
2015_06_16_21_F_04_1_004_sync,F04,100,al.b,coda,ae,27.37762116,27.64224336,1,23,220,220,,,
2015_06_16_21_F_04_1_004_sync,F04,100,tib.l,onset,ih,29.40577655,29.64069626,4,24,200,200,,,
2015_06_16_21_F_04_1_004_sync,F04,100,cab.l,onset,ae,33.49297423,33.79674971,9,29,200,200,,,
2015_06_16_21_F_04_1_004_sync,F04,100,tib.l,onset,ih,35.68702784,35.94489948,1,10,90,90,,,
2015_06_16_21_F_04_1_004_sync,F04,100,til.b,coda,ih,37.77788055,37.98849822,11,21,100,100,,,
2015_06_16_21_F_04_1_004_sync,F04,100,tal.b,coda,ae,40.55814381,40.80521454,4,15,110,110,,,
2015_06_16_21_F_04_1_005_sync,F04,100,kil.b,coda,ih,5.202325625,5.422394089,13,24,110,110,,,
2015_06_16_21_F_04_1_005_sync,F04,100,il.b,coda,ih,7.161535921,7.432908689,12,28,160,160,,,
2015_06_16_21_F_04_1_005_sync,F04,100,tal.b,coda,ae,11.19607876,11.46205108,1,9,80,80,,,
2015_06_16_21_F_04_1_005_sync,F04,100,tab.l,onset,ae,15.13670593,15.40132813,1,9,80,80,,,
2015_06_16_21_F_04_1_005_sync,F04,100,cab.l,onset,ae,19.06420458,19.3160007,4,10,60,60,,,
2015_06_16_21_F_04_1_005_sync,F04,100,tib.l,onset,ih,21.07438784,21.30255698,16,28,120,120,,,
2015_06_16_21_F_04_1_005_sync,F04,100,til.b,coda,ih,27.44685402,27.66574416,1,12,110,110,,,
2015_06_16_21_F_04_1_005_sync,F04,100,tib.l,onset,ih,35.66141406,35.89835894,18,31,130,130,,,
2015_06_16_21_F_04_1_005_sync,F04,100,al.b,coda,ae,37.45304459,37.73116792,13,21,80,80,,,
2015_06_16_21_F_04_1_006_sync,F04,100,til.b,coda,ih,2.595992791,2.801210009,13,20,70,70,,,
2015_06_16_21_F_04_1_006_sync,F04,100,il.b,coda,ih,6.508338268,6.782411263,1,24,230,230,,,
2015_06_16_21_F_04_1_006_sync,F04,100,tib.l,onset,ih,8.422491854,8.625008845,1,17,160,160,,,
2015_06_16_21_F_04_1_006_sync,F04,100,cab.l,onset,ae,10.44458367,10.70110519,1,24,230,230,,,
2015_06_16_21_F_04_1_006_sync,F04,100,cab.l,onset,ae,11.07478709,11.32803693,1,23,220,220,,,
2015_06_16_21_F_04_1_006_sync,F04,100,al.b,coda,ae,12.92772706,13.17884813,1,16,150,150,,,
2015_06_16_21_F_04_1_006_sync,F04,100,kil.b,coda,ih,14.93023017,15.13004693,1,23,220,220,,,
2015_06_16_21_F_04_1_006_sync,F04,100,tab.l,onset,ae,24.55602093,24.81659279,9,30,210,210,,,
2015_06_16_21_F_04_1_006_sync,F04,100,kib.l,onset,ih,34.57528703,34.76970334,1,8,70,70,,,
2015_06_16_21_F_04_1_006_sync,F04,100,cal.b,coda,ae,36.58167471,36.86384838,1,19,180,180,,,
2015_06_16_21_F_04_1_007_sync,F04,100,tab.l,onset,ae,4.340852367,4.605474568,1,11,100,100,,,
2015_06_16_21_F_04_1_007_sync,F04,100,kib.l,onset,ih,8.103169112,8.30028565,8,19,110,110,,,
2015_06_16_21_F_04_1_007_sync,F04,100,cal.b,coda,ae,13.80435067,14.06081518,1,19,180,180,,,
2015_06_16_21_F_04_1_007_sync,F04,100,kil.b,coda,ih,15.56839754,15.80331725,1,15,140,140,,,
2015_06_16_21_F_04_1_007_sync,F04,100,cab.l,onset,ae,17.80996536,18.09078892,9,18,90,90,,,
2015_06_16_21_F_04_1_007_sync,F04,100,tal.b,coda,ae,23.42956488,23.66178436,28,43,150,150,,,
2015_06_16_21_F_04_1_007_sync,F04,100,al.b,coda,ae,25.42641875,25.71804322,6,19,130,130,,,
2015_06_16_21_F_04_1_007_sync,F04,100,il.b,coda,ih,33.0094094,33.23420326,7,19,120,120,,,
2015_06_16_21_F_04_1_007_sync,F04,100,tib.l,onset,ih,35.03874868,35.26016726,13,25,120,120,,,
2015_06_16_21_F_04_1_008_sync,F04,100,cal.b,coda,ae,4.096564701,4.354436336,1,16,150,150,,,
2015_06_16_21_F_04_1_008_sync,F04,100,il.b,coda,ih,7.920062918,8.18468512,1,16,150,150,,,
2015_06_16_21_F_04_1_008_sync,F04,100,al.b,coda,ae,9.875903909,10.15672747,1,11,100,100,,,
2015_06_16_21_F_04_1_008_sync,F04,100,tal.b,coda,ae,11.87587203,12.15129514,5,17,120,120,,,
2015_06_16_21_F_04_1_008_sync,F04,100,kib.l,onset,ih,15.9245077,16.15942741,3,11,80,80,,,
2015_06_16_21_F_04_1_008_sync,F04,100,tib.l,onset,ih,17.89747372,18.13509366,1,15,140,140,,,
2015_06_16_21_F_04_1_008_sync,F04,100,cab.l,onset,ae,22.24145241,22.51687552,3,19,160,160,,,
2015_06_16_21_F_04_1_008_sync,F04,100,cab.l,onset,ae,32.44475873,32.70398048,7,17,100,100,,,
2015_06_16_21_F_04_1_009_sync,F04,100,tal.b,coda,ae,2.955316098,3.213187733,33,52,190,190,,,
2015_06_16_21_F_04_1_009_sync,F04,100,tab.l,onset,ae,14.70765416,14.94122376,1,15,140,140,,,
2015_06_16_21_F_04_1_009_sync,F04,100,tib.l,onset,ih,16.57801175,16.80888112,16,30,140,140,,,
2015_06_16_21_F_04_1_009_sync,F04,100,cal.b,coda,ae,24.35774667,24.57916525,1,13,120,120,,,
2015_06_16_21_F_04_1_009_sync,F04,100,cab.l,onset,ae,26.35198328,26.6490082,1,22,210,210,,,
2015_06_16_21_F_04_1_009_sync,F04,100,il.b,coda,ih,28.26073633,28.51590773,1,14,130,130,,,
2015_06_16_21_F_04_1_009_sync,F04,100,til.b,coda,ih,34.14150047,34.33861701,1,9,80,80,,,
2015_06_16_21_F_04_1_009_sync,F04,100,al.b,coda,ae,36.08742743,36.36734408,1,14,130,130,,,
2015_06_18_19_F_05_1_001_sync,F05,100,al.b,coda,ae,18.00908332,18.26689895,1,12,110,110,black - right dominant - 33,,
2015_06_18_19_F_05_1_001_sync,F05,100,kib.l,onset,ih,25.47749921,25.69641367,12,26,140,140,red - left dominant - 55,,
2015_06_18_19_F_05_1_001_sync,F05,100,tab.l,onset,ae,28.23348345,28.46841604,3,21,180,180,bad - 7,,
2015_06_18_19_F_05_1_001_sync,F05,100,til.b,coda,ih,30.5284869,30.72833216,5,23,180,180,,,
2015_06_18_19_F_05_1_001_sync,F05,100,il.b,coda,ih,35.29080877,35.52650413,3,10,70,70,,,
2015_06_18_19_F_05_1_001_sync,F05,100,tal.b,coda,ae,38.09366862,38.33088951,5,12,70,70,,,
2015_06_18_19_F_05_1_001_sync,F05,100,til.b,coda,ih,41.03035894,41.25079894,5,12,70,70,,,
2015_06_18_19_F_05_1_001_sync,F05,100,tab.l,onset,ae,43.59322864,43.82511015,19,36,170,170,,,
2015_06_18_19_F_05_1_001_sync,F05,100,tib.l,onset,ih,51.10557417,51.35576212,2,21,190,190,,,
2015_06_18_19_F_05_1_001_sync,F05,100,cal.b,onset,ae,55.97516464,56.29629003,1,12,110,110,,,
2015_06_18_19_F_05_1_002_sync,F05,100,cab.l,onset,ae,10.09570394,10.32758546,18,32,140,140,,,
2015_06_18_19_F_05_1_002_sync,F05,100,kil.b,coda,ih,12.46174439,12.7104068,6,15,90,90,,,
2015_06_18_19_F_05_1_002_sync,F05,100,kib.l,onset,ih,15.10893539,15.3743787,6,20,140,140,,,
2015_06_18_19_F_05_1_002_sync,F05,100,cal.b,coda,ae,22.18733634,22.45277965,3,12,90,90,,,
2015_06_18_19_F_05_1_002_sync,F05,100,tab.l,onset,ae,24.85893584,25.11064933,4,19,150,150,,,
2015_06_18_19_F_05_1_002_sync,F05,100,kil.b,coda,ih,27.16912436,27.38727605,4,25,210,210,,,
2015_06_18_19_F_05_1_002_sync,F05,100,kib.l,onset,ih,29.69108045,29.93211518,2,19,170,170,,,
2015_06_18_19_F_05_1_002_sync,F05,100,al.b,coda,ae,39.19798425,39.48482659,1,18,170,170,,,
2015_06_18_19_F_05_1_002_sync,F05,100,il.b,coda,ih,41.51509378,41.82782872,9,17,80,80,,,
2015_06_18_19_F_05_1_002_sync,F05,100,tal.b,coda,ae,46.63792354,46.87438167,1,16,150,150,,,
2015_06_18_19_F_05_1_003_sync,F05,100,tal.b,coda,ae,6.415426752,6.633578441,1,12,110,110,,,
2015_06_18_19_F_05_1_003_sync,F05,100,kib.l,onset,ih,19.40243667,19.64347141,13,38,250,250,,,
2015_06_18_19_F_05_1_003_sync,F05,100,cal.b,coda,ae,24.13861306,24.41320959,3,12,90,90,,,
2015_06_18_19_F_05_1_003_sync,F05,100,il.b,coda,ih,28.78118037,29.0725578,10,17,70,70,,,
2015_06_18_19_F_05_1_003_sync,F05,100,tib.l,onset,ih,31.42379463,31.6999167,10,40,300,300,,,
2015_06_18_19_F_05_1_003_sync,F05,100,al.b,coda,ae,33.79944004,34.08929194,1,13,120,120,,,
2015_06_18_19_F_05_1_003_sync,F05,100,tab.l,onset,ae,36.19034074,36.47103942,1,10,90,90,,,
2015_06_18_19_F_05_1_003_sync,F05,100,til.b,coda,ih,38.66071036,38.90021955,5,30,250,250,,,
2015_06_18_19_F_05_1_004_sync,F05,100,kib.l,onset,ih,4.305672169,4.536028148,12,24,120,120,,,
2015_06_18_19_F_05_1_004_sync,F05,100,cal.b,coda,ae,15.4508336,15.73000674,2,13,110,110,,,
2015_06_18_19_F_05_1_004_sync,F05,100,kil.b,coda,ih,17.73051119,17.97459699,5,14,90,90,,,
2015_06_18_19_F_05_1_004_sync,F05,100,tib.l,onset,ih,20.17494667,20.44344106,9,27,180,180,,,
2015_06_18_19_F_05_1_004_sync,F05,100,il.b,coda,ih,24.87992014,25.14078684,8,16,80,80,,,
2015_06_18_19_F_05_1_004_sync,F05,100,al.b,coda,ae,29.61096867,29.89319288,1,13,120,120,,,
2015_06_18_19_F_05_1_004_sync,F05,100,tal.b,coda,ae,32.0284959,32.27410724,1,14,130,130,,,
2015_06_18_19_F_05_1_004_sync,F05,100,cab.l,onset,ae,41.37992137,41.62553272,18,34,160,160,,,
2015_06_18_19_F_05_1_004_sync,F05,100,tab.l,onset,ae,43.89286517,44.16593616,5,31,260,260,,,
2015_06_18_19_F_05_1_005_sync,F05,100,il.b,coda,ih,5.329186899,5.560305646,8,15,70,70,,,
2015_06_18_19_F_05_1_005_sync,F05,100,tab.l,onset,ae,10.15308198,10.3849635,6,23,170,170,,,
2015_06_18_19_F_05_1_005_sync,F05,100,til.b,coda,ih,12.48310251,12.69820312,16,26,100,100,,,
2015_06_18_19_F_05_1_005_sync,F05,100,kil.b,coda,ih,15.01421188,15.28118073,2,10,80,80,,,
2015_06_18_19_F_05_1_005_sync,F05,100,cab.l,onset,ae,21.9206506,22.22728339,1,8,70,70,,,
2015_06_18_19_F_05_1_005_sync,F05,100,tal.b,coda,ae,24.24983774,24.50612784,1,20,190,190,,,
2015_06_18_19_F_05_1_005_sync,F05,100,tib.l,onset,ih,30.93202253,31.17305727,3,21,180,180,,,
2015_06_18_19_F_05_1_005_sync,F05,100,al.b,coda,ae,33.83743966,34.11203619,1,18,170,170,,,
2015_06_18_19_F_05_1_005_sync,F05,100,kib.l,onset,ih,36.16676776,36.45967073,8,22,140,140,,,
2015_06_18_19_F_05_1_005_sync,F05,100,cal.b,coda,ae,42.96475235,43.20578709,1,9,80,80,,,
2015_06_18_19_F_05_1_006_sync,F05,100,al.b,coda,ae,7.206615901,7.491891186,1,14,130,130,,,
2015_06_18_19_F_05_1_006_sync,F05,100,tib.l,onset,ih,9.548007076,9.761582156,3,19,160,160,,,
2015_06_18_19_F_05_1_006_sync,F05,100,tal.b,coda,ae,11.63546709,11.90853809,1,18,170,170,,,
2015_06_18_19_F_05_1_006_sync,F05,100,cab.l,onset,ae,15.90775175,16.17929721,1,12,110,110,,,
2015_06_18_19_F_05_1_006_sync,F05,100,il.b,coda,ih,20.19667633,20.44991535,1,14,130,130,,,
2015_06_18_19_F_05_1_006_sync,F05,100,cal.b,coda,ae,24.86420334,25.13117219,1,15,140,140,,,
2015_06_18_19_F_05_1_006_sync,F05,100,kib.l,onset,ih,27.3010111,27.55425012,1,9,80,80,,,
2015_06_18_19_F_05_1_006_sync,F05,100,kil.b,coda,ih,32.07394118,32.31192484,4,10,60,60,,,
2015_06_18_19_F_05_1_006_sync,F05,100,tab.l,onset,ae,34.56927063,34.83318841,7,22,150,150,,,
2015_06_18_19_F_05_1_006_sync,F05,100,til.b,coda,ih,39.30642108,39.49558758,1,23,220,220,,,
2015_06_18_19_F_05_1_007_sync,F05,100,il.b,coda,ih,5.518975317,5.750856832,7,15,80,80,,,
2015_06_18_19_F_05_1_007_sync,F05,100,al.b,coda,ae,13.7659255,14.05425186,1,15,140,140,,,
2015_06_18_19_F_05_1_007_sync,F05,100,kib.l,onset,ih,15.91607372,16.17541489,11,29,180,180,,,
2015_06_18_19_F_05_1_007_sync,F05,100,tab.l,onset,ae,20.43271425,20.70578524,8,23,150,150,,,
2015_06_18_19_F_05_1_007_sync,F05,100,kil.b,coda,ih,22.60436075,22.83166565,2,9,70,70,,,
2015_06_18_19_F_05_1_007_sync,F05,100,tib.l,onset,ih,27.00520156,27.23250646,5,21,160,160,,,
2015_06_18_19_F_05_1_007_sync,F05,100,cab.l,onset,ae,29.15992641,29.41774204,1,20,190,190,,,
2015_06_18_19_F_05_1_007_sync,F05,100,tal.b,coda,ae,31.49826696,31.76523581,1,15,140,140,,,
2015_06_18_19_F_05_1_007_sync,F05,100,til.b,coda,ih,36.13237398,36.33221924,3,26,230,230,,,
2015_06_18_19_F_05_1_007_sync,F05,100,cal.b,coda,ae,38.24022995,38.46448379,21,28,70,70,,,
2015_06_18_19_F_05_1_008_sync,F05,100,kil.b,coda,ih,5.696982104,5.925812547,15,27,120,120,,,
2015_06_18_19_F_05_1_008_sync,F05,100,tal.b,coda,ae,10.56116221,10.82660552,5,25,200,200,,,
2015_06_18_19_F_05_1_008_sync,F05,100,kib.l,onset,ih,18.09305737,18.33714318,12,30,180,180,,,
2015_06_18_19_F_05_1_008_sync,F05,100,tab.l,onset,ae,23.54407627,23.78663654,5,21,160,160,,,
2015_06_18_19_F_05_1_008_sync,F05,100,cal.b,coda,ae,35.61563643,35.86429884,1,9,80,80,,,
2015_06_18_19_F_05_1_008_sync,F05,100,tib.l,onset,ih,38.18280729,38.42994417,4,20,160,160,,,
2015_06_18_19_F_05_1_008_sync,F05,100,al.b,coda,ae,40.51878888,40.77660451,1,11,100,100,,,
2015_06_18_19_F_05_1_008_sync,F05,100,il.b,coda,ih,42.85047574,43.12659781,4,12,80,80,,,
2015_06_18_19_F_05_1_009_sync,F05,100,til.b,coda,ih,5.294721518,5.476260336,1,25,240,240,,,
2015_06_18_19_F_05_1_009_sync,F05,100,tab.l,onset,ae,11.55188024,11.79825435,1,19,180,180,,,
2015_06_18_19_F_05_1_009_sync,F05,100,cal.b,coda,ae,13.77275418,14.02523044,1,9,80,80,,,
2015_06_18_19_F_05_1_009_sync,F05,100,al.b,coda,ae,18.13400105,18.39639329,1,12,110,110,,,
2015_06_18_19_F_05_1_009_sync,F05,100,tib.l,onset,ih,31.67699205,31.92031509,1,6,50,50,,,
2015_06_18_19_F_05_1_009_sync,F05,100,il.b,coda,ih,33.97723539,34.24420424,1,6,50,50,,,
2015_06_18_19_F_05_1_010_sync,F05,100,tab.l,onset,ae,2.919457458,3.151338973,8,21,130,130,,,
2015_06_18_19_F_05_1_010_sync,F05,100,cal.b,coda,ae,9.362691216,9.602200414,1,8,70,70,,,
2015_06_18_19_F_05_1_010_sync,F05,100,al.b,coda,ae,11.60617325,11.8563612,1,11,100,100,,,
2015_06_18_19_F_05_1_010_sync,F05,100,tib.l,onset,ih,22.61653167,22.83163229,6,21,150,150,,,
2015_06_18_19_F_05_1_010_sync,F05,100,kib.l,onset,ih,24.72812499,24.96763419,11,25,140,140,,,
2015_06_18_19_F_05_1_010_sync,F05,100,til.b,coda,ih,27.45831734,27.66884135,2,24,220,220,,,
2015_06_18_19_F_05_1_010_sync,F05,100,kil.b,coda,ih,29.85698736,30.10793808,3,12,90,90,,,
2015_06_18_19_F_05_1_010_sync,F05,100,il.b,coda,ih,32.19914206,32.48441735,5,13,80,80,,,
2015_06_19_19_M_06_1_001_sync,M06,100,al.b,coda,ae,24.64766304,24.99701085,11,28,170,170,red - left dominant - 29,,
2015_06_19_19_M_06_1_001_sync,M06,100,kil.b,coda,ih,32.48147509,32.82472075,6,20,140,140,black - right dominant - 37,,
2015_06_19_19_M_06_1_001_sync,M06,100,al.b,coda,ae,35.01720085,35.37781286,8,19,110,110,bad - 1,,
2015_06_19_19_M_06_1_001_sync,M06,100,til.b,coda,ih,37.80484294,38.0977459,4,12,80,80,,,
2015_06_19_19_M_06_1_001_sync,M06,100,il.b,coda,ih,40.2879687,40.64189312,1,10,90,90,,,
2015_06_19_19_M_06_1_001_sync,M06,100,til.b,coda,ih,44.74899818,45.06020758,1,5,40,40,,,
2015_06_19_19_M_06_1_001_sync,M06,100,til.b,coda,ih,47.4136627,47.68520816,12,26,140,140,,,
2015_06_19_19_M_06_1_001_sync,M06,100,cal.b,coda,ae,49.68418758,50.01370342,6,15,90,90,,,
2015_06_19_19_M_06_1_001_sync,M06,100,tab.l,onset,ae,52.24137228,52.54495401,16,25,90,90,,,
2015_06_19_19_M_06_1_003_sync,M06,100,cal.b,coda,ae,2.555165146,2.848068113,3,11,80,80,,,
2015_06_19_19_M_06_1_003_sync,M06,100,tal.b,coda,ae,6.760608118,7.085547348,6,13,70,70,,,
2015_06_19_19_M_06_1_003_sync,M06,100,kil.b,coda,ih,10.75441197,11.00917653,7,19,120,120,,,
2015_06_19_19_M_06_1_003_sync,M06,100,til.b,coda,ih,21.18645491,21.48393448,7,26,190,190,,,
2015_06_19_19_M_06_1_003_sync,M06,100,cal.b,coda,ae,23.30859169,23.63810753,9,14,50,50,,,
2015_06_19_19_M_06_1_003_sync,M06,100,tab.l,onset,ae,27.91135391,28.21493563,18,24,60,60,,,
2015_06_19_19_M_06_1_003_sync,M06,100,il.b,coda,ih,29.99410877,30.3404055,1,16,150,150,,,
2015_06_19_19_M_06_1_003_sync,M06,100,al.b,coda,ae,32.11901486,32.47293927,10,24,140,140,,,
2015_06_19_19_M_06_1_003_sync,M06,100,kil.b,coda,ih,36.40834995,36.75769776,4,11,70,70,,,
2015_06_19_19_M_06_1_003_sync,M06,100,til.b,coda,ih,38.77262406,39.11739526,12,39,270,270,,,
2015_06_19_19_M_06_1_003_sync,M06,100,kil.b,coda,ih,42.00977435,42.27826874,13,22,90,90,,,
2015_06_19_19_M_06_1_003_sync,M06,100,tib.l,onset,ih,47.91630606,48.15428973,1,12,110,110,,,
2015_06_19_19_M_06_1_004_sync,M06,100,tal.b,coda,ae,4.449844949,4.72444148,1,8,70,70,,,
2015_06_19_19_M_06_1_004_sync,M06,100,tab.l,onset,ae,10.65898431,10.98544908,1,8,70,70,,,
2015_06_19_19_M_06_1_004_sync,M06,100,al.b,onset,ae,14.5749858,14.8648377,6,18,120,120,,,
2015_06_19_19_M_06_1_004_sync,M06,100,il.b,coda,ih,20.65805697,20.99367495,1,14,130,130,,,
2015_06_19_19_M_06_1_004_sync,M06,100,kil.b,coda,ih,22.79683378,23.11261979,1,13,120,120,,,
2015_06_19_19_M_06_1_004_sync,M06,100,til.b,coda,ih,27.1298579,27.38462246,4,16,120,120,,,
2015_06_19_19_M_06_1_004_sync,M06,100,kil.b,coda,ih,29.24644392,29.52104045,1,11,100,100,,,
2015_06_19_19_M_06_1_004_sync,M06,100,cab.l,onset,ae,32.19319103,32.46015988,10,18,80,80,,,
2015_06_19_19_M_06_1_004_sync,M06,100,cal.b,coda,ae,36.87222997,37.15750525,23,46,230,230,,,
2015_06_19_19_M_06_1_005_sync,M06,100,tal.b,coda,ae,3.785850103,4.022308227,1,7,60,60,,,
2015_06_19_19_M_06_1_005_sync,M06,100,kib.l,onset,ih,5.8817711,6.138061196,1,17,160,160,,,
2015_06_19_19_M_06_1_005_sync,M06,100,til.b,coda,ih,8.097376223,8.327732203,1,13,120,120,,,
2015_06_19_19_M_06_1_005_sync,M06,100,al.b,coda,ae,12.09603881,12.35537998,3,12,90,90,,,
2015_06_19_19_M_06_1_005_sync,M06,100,tab.l,onset,ae,14.20776652,14.4930418,12,22,100,100,,,
2015_06_19_19_M_06_1_005_sync,M06,100,tib.l,onset,ih,26.8115976,27.04805572,8,17,90,90,,,
2015_06_19_19_M_06_1_005_sync,M06,100,cab.l,onset,ae,28.79560308,29.03816335,6,16,100,100,,,
2015_06_19_19_M_06_1_005_sync,M06,100,il.b,coda,ih,30.68280754,30.95587853,1,15,140,140,,,
2015_06_19_19_M_06_1_005_sync,M06,100,kil.b,coda,ih,36.81927279,37.0465777,25,30,50,50,,,
2015_06_19_19_M_06_1_005_sync,M06,100,cab.l,onset,ae,38.65710853,38.91492416,1,18,170,170,,,
2015_06_19_19_M_06_1_006_sync,M06,100,tal.b,coda,ae,2.872998837,3.120135715,1,8,70,70,,,
2015_06_19_19_M_06_1_006_sync,M06,100,til.b,coda,ih,8.499143535,8.709667542,10,24,140,140,,,
2015_06_19_19_M_06_1_006_sync,M06,100,tib.l,onset,ih,10.51878777,10.86813558,18,35,170,170,,,
2015_06_19_19_M_06_1_006_sync,M06,100,cab.l,onset,ae,12.59141538,12.84770548,12,31,190,190,,,
2015_06_19_19_M_06_1_006_sync,M06,100,al.b,coda,ae,16.51726276,16.80406358,14,34,200,200,,,
2015_06_19_19_M_06_1_006_sync,M06,100,cal.b,coda,ae,20.568627,20.80661066,14,37,230,230,,,
2015_06_19_19_M_06_1_006_sync,M06,100,tab.l,onset,ae,24.60126199,24.8621287,17,31,140,140,,,
2015_06_19_19_M_06_1_006_sync,M06,100,il.b,coda,ih,30.65313088,30.87280811,4,35,310,310,,,
2015_06_19_19_M_06_1_006_sync,M06,100,kil.b,coda,ih,34.88782899,35.11513389,24,31,70,70,,,
2015_06_19_19_M_06_1_006_sync,M06,100,kib.l,onset,ih,37.01259417,37.32227804,18,40,220,220,,,
2015_06_19_19_M_06_1_007_sync,M06,100,cab.l,onset,ae,3.449087967,3.693936541,1,19,180,180,,,
2015_06_19_19_M_06_1_007_sync,M06,100,kil.b,coda,ih,7.366996469,7.583622621,1,12,110,110,,,
2015_06_19_19_M_06_1_007_sync,M06,100,tab.l,onset,ae,15.6321817,15.90525269,16,23,70,70,,,
2015_06_19_19_M_06_1_007_sync,M06,100,al.b,coda,ae,19.64998415,19.89559549,10,15,50,50,,,
2015_06_19_19_M_06_1_007_sync,M06,100,cal.b,coda,ae,23.88191294,24.09548802,1,7,60,60,,,
2015_06_19_19_M_06_1_007_sync,M06,100,til.b,coda,ih,26.03635579,26.2514564,1,10,90,90,,,
2015_06_19_19_M_06_1_007_sync,M06,100,tal.b,coda,ae,30.27105401,30.49988445,21,26,50,50,,,
2015_06_19_19_M_06_1_007_sync,M06,100,il.b,coda,ih,32.21012674,32.46336577,10,25,150,150,,,
2015_06_19_19_M_06_1_008_sync,M06,100,cab.l,onset,ae,8.675807577,8.900061411,13,26,130,130,,,
2015_06_19_19_M_06_1_008_sync,M06,100,cal.b,coda,ae,15.03204998,15.27766132,1,9,80,80,,,
2015_06_19_19_M_06_1_008_sync,M06,100,cab.l,onset,ae,21.50856919,21.76791036,1,5,40,40,,,
2015_06_19_19_M_06_1_008_sync,M06,100,il.b,coda,ih,23.697266,23.98101575,1,4,30,30,,,
2015_06_19_19_M_06_1_008_sync,M06,100,tib.l,onset,ih,28.82994128,29.05572065,1,6,50,50,,,
2015_06_19_19_M_06_1_008_sync,M06,100,til.b,coda,ih,31.21404776,31.42609731,1,9,80,80,,,
2015_06_19_19_M_06_1_008_sync,M06,100,kil.b,coda,ih,33.72158174,33.95193772,1,10,90,90,,,
2015_06_19_19_M_06_1_008_sync,M06,100,kib.l,onset,ih,35.99238814,36.25783145,1,9,80,80,,,
2015_06_23_19_M_07_1_001_sync,M07,100,tib.l,onset,ih,12.08351001,12.30852661,1,15,140,140,red - left dominant - ,,
2015_06_23_19_M_07_1_001_sync,M07,100,kib.l,onset,ih,16.74788736,16.95230922,1,9,80,80,black - right dominant - 2,,
2015_06_23_19_M_07_1_001_sync,M07,100,al.b,coda,ae,18.82924551,19.07028025,1,8,70,70,bad - 3,,
2015_06_23_19_M_07_1_001_sync,M07,100,kil.b,coda,ih,23.97329164,24.16856028,1,14,130,130,,,
2015_06_23_19_M_07_1_001_sync,M07,100,il.b,coda,ih,28.2218608,28.45984446,1,14,130,130,,,
2015_06_23_19_M_07_1_001_sync,M07,100,al.b,coda,ae,32.81561167,33.0566464,21,29,80,80,,,
2015_06_23_19_M_07_1_001_sync,M07,100,tab.l,onset,ae,44.16851705,44.41107732,1,12,110,110,,,
2015_06_23_19_M_07_1_001_sync,M07,100,tab.l,onset,ae,46.38023802,46.60906846,1,5,40,40,,,
2015_06_23_19_M_07_1_002_sync,M07,100,tal.b,coda,ae,7.681272783,7.899424472,15,20,50,50,,,
2015_06_23_19_M_07_1_002_sync,M07,100,al.b,coda,ae,9.707159951,9.914632886,10,24,140,140,,,
2015_06_23_19_M_07_1_002_sync,M07,100,kil.b,coda,ih,15.92433763,16.10129984,1,4,30,30,,,
2015_06_23_19_M_07_1_002_sync,M07,100,cal.b,coda,ae,20.63998972,20.87492231,1,7,60,60,,,
2015_06_23_19_M_07_1_002_sync,M07,100,cab.l,onset,ae,27.13841735,27.37029886,1,5,40,40,,,
2015_06_23_19_M_07_1_002_sync,M07,100,tib.l,onset,ih,34.08132746,34.26591735,1,7,60,60,,,
2015_06_23_19_M_07_1_002_sync,M07,100,il.b,coda,ih,38.68866632,38.89919033,1,20,190,190,,,
2015_06_23_19_M_07_1_003_sync,M07,100,til.b,coda,ih,3.99637411,4.164183102,1,7,60,60,,,
2015_06_23_19_M_07_1_003_sync,M07,100,tal.b,coda,ae,6.154560078,6.352879795,1,7,60,60,,,
2015_06_23_19_M_07_1_003_sync,M07,100,kib.l,onset,ih,14.13496332,14.34548733,1,7,60,60,,,
2015_06_23_19_M_07_1_003_sync,M07,100,tab.l,onset,ae,16.15488925,16.38219416,1,8,70,70,,,
2015_06_23_19_M_07_1_003_sync,M07,100,til.b,coda,ih,21.02517175,21.2204404,8,12,40,40,,,
2015_06_23_19_M_07_1_003_sync,M07,100,al.b,coda,ae,29.77650968,30.03432531,1,4,30,30,,,
2015_06_23_19_M_07_1_003_sync,M07,100,cal.b,coda,ae,34.88103259,35.1083375,1,6,50,50,,,
2015_06_23_19_M_07_1_003_sync,M07,100,tib.l,onset,ih,37.52600556,37.68771241,1,4,30,30,,,
2015_06_23_19_M_07_1_003_sync,M07,100,tab.l,onset,ae,39.88570322,40.07486972,1,4,30,30,,,
2015_06_23_19_M_07_1_004_sync,M07,100,il.b,coda,ih,7.683422945,7.895472489,1,10,90,90,,,
2015_06_23_19_M_07_1_004_sync,M07,100,til.b,coda,ih,9.776152075,9.95921643,1,8,70,70,,,
2015_06_23_19_M_07_1_004_sync,M07,100,cal.b,coda,ae,18.18480903,18.4273693,1,8,70,70,,,
2015_06_23_19_M_07_1_004_sync,M07,100,tab.l,onset,ae,26.14953494,26.37531431,1,8,70,70,,,
2015_06_23_19_M_07_1_004_sync,M07,100,tib.l,onset,ih,28.08610808,28.27374904,1,11,100,100,,,
2015_06_23_19_M_07_1_004_sync,M07,100,til.b,coda,ih,30.10131678,30.27522791,1,8,70,70,,,
2015_06_23_19_M_07_1_004_sync,M07,100,tal.b,coda,ae,34.47109553,34.70450258,1,6,50,50,,,
2015_06_23_19_M_07_1_004_sync,M07,100,al.b,coda,ae,36.30962385,36.55523519,1,12,110,110,,,
2015_06_23_19_M_07_1_004_sync,M07,100,tib.l,onset,ih,38.45505444,38.64422094,1,8,70,70,,,
2015_06_23_19_M_07_1_004_sync,M07,100,tab.l,onset,ae,40.63959749,40.85622365,1,11,100,100,,,
2015_06_23_19_M_07_1_005_sync,M07,100,tab.l,onset,ae,6.655817261,6.895326458,1,8,70,70,,,
2015_06_23_19_M_07_1_005_sync,M07,100,cab.l,onset,ae,10.83421149,11.05693979,1,17,160,160,,,
2015_06_23_19_M_07_1_005_sync,M07,100,al.b,coda,ae,18.64292197,18.88243116,1,10,90,90,,,
2015_06_23_19_M_07_1_005_sync,M07,100,tab.l,onset,ae,20.60321128,20.81983743,1,8,70,70,,,
2015_06_23_19_M_07_1_005_sync,M07,100,tib.l,onset,ih,22.56502611,22.76182029,1,16,150,150,,,
2015_06_23_19_M_07_1_005_sync,M07,100,til.b,coda,ih,26.65715714,26.85090025,1,8,70,70,,,
2015_06_23_19_M_07_1_005_sync,M07,100,tal.b,coda,ae,28.91020849,29.13293678,1,7,60,60,,,
2015_06_23_19_M_07_1_005_sync,M07,100,il.b,coda,ih,31.95375715,32.17495991,1,9,80,80,,,
2015_06_23_19_M_07_1_005_sync,M07,100,tib.l,onset,ih,36.42422116,36.59203015,1,12,110,110,,,
2015_06_23_19_M_07_1_005_sync,M07,100,til.b,coda,ih,39.29080756,39.5150614,1,23,220,220,,,
2015_06_23_19_M_07_1_006_sync,M07,100,tib.l,onset,ih,5.309110612,5.483021749,1,12,110,110,,,
2015_06_23_19_M_07_1_006_sync,M07,100,kib.l,onset,ih,7.537753131,7.723868558,1,9,80,80,,,
2015_06_23_19_M_07_1_006_sync,M07,100,tab.l,onset,ae,22.02573692,22.24693968,1,5,40,40,,,
2015_06_23_19_M_07_1_006_sync,M07,100,tal.b,coda,ae,24.00974229,24.23094506,1,12,110,110,,,
2015_06_23_19_M_07_1_006_sync,M07,100,il.b,coda,ih,25.99069662,26.21495046,1,11,100,100,,,
2015_06_23_19_M_07_1_006_sync,M07,100,tal.b,coda,ae,30.66751793,30.88566962,1,8,70,70,,,
2015_06_23_19_M_07_1_006_sync,M07,100,al.b,coda,ae,32.87411067,33.12582416,1,10,90,90,,,
2015_06_23_19_M_07_1_006_sync,M07,100,tab.l,onset,ae,35.4060528,35.64251093,12,16,40,40,,,
2015_06_23_19_M_07_1_006_sync,M07,100,til.b,coda,ih,37.60349218,37.80943957,1,6,50,50,,,
2015_06_23_19_M_07_1_006_sync,M07,100,kil.b,coda,ih,39.85959415,40.04723511,1,8,70,70,,,
2015_06_23_19_M_07_1_007_sync,M07,100,cal.b,coda,ae,3.744660623,3.970439993,1,11,100,100,,,
2015_06_23_19_M_07_1_007_sync,M07,100,tib.l,onset,ih,10.25848471,10.45070229,1,14,130,130,,,
2015_06_23_19_M_07_1_007_sync,M07,100,il.b,coda,ih,15.80401611,16.04047424,1,9,80,80,,,
2015_06_23_19_M_07_1_007_sync,M07,100,til.b,coda,ih,20.24687922,20.44672447,1,13,120,120,,,
2015_06_23_19_M_07_1_007_sync,M07,100,cab.l,onset,ae,22.39383513,22.6196145,1,9,80,80,,,
2015_06_23_19_M_07_1_007_sync,M07,100,tib.l,onset,ih,28.68645641,28.90613363,1,15,140,140,,,
2015_06_23_19_M_07_1_007_sync,M07,100,al.b,coda,ae,30.67532034,30.87516559,1,12,110,110,,,
2015_06_23_19_M_07_1_007_sync,M07,100,tal.b,coda,ae,32.82241726,33.01921145,1,9,80,80,,,
2015_06_23_19_M_07_1_007_sync,M07,100,til.b,coda,ih,34.96646303,35.15105293,1,5,40,40,,,
2015_06_23_19_M_07_1_008_sync,M07,100,tal.b,coda,ae,3.302537263,3.491703763,1,10,90,90,,,
2015_06_23_19_M_07_1_008_sync,M07,100,cal.b,coda,ae,7.650817628,7.878122535,1,6,50,50,,,
2015_06_23_19_M_07_1_008_sync,M07,100,al.b,coda,ae,9.584480579,9.798055659,1,6,50,50,,,
2015_06_23_19_M_07_1_008_sync,M07,100,tab.l,onset,ae,15.19117499,15.40780114,1,15,140,140,,,
2015_06_23_19_M_07_1_008_sync,M07,100,tib.l,onset,ih,17.35269426,17.52050325,1,10,90,90,,,
2015_06_23_19_M_07_1_008_sync,M07,100,tab.l,onset,ae,23.13718403,23.35838679,1,16,150,150,,,
2015_06_23_19_M_07_1_008_sync,M07,100,kib.l,onset,ih,25.1858136,25.39023546,1,17,160,160,,,
2015_06_23_19_M_07_1_008_sync,M07,100,til.b,coda,ih,27.17675465,27.36897222,1,9,80,80,,,
2015_06_23_19_M_07_1_008_sync,M07,100,il.b,coda,ih,31.46124426,31.69465131,1,9,80,80,,,
2015_06_23_19_M_07_1_008_sync,M07,100,til.b,coda,ih,33.41612379,33.61444351,1,15,140,140,,,
2015_06_23_19_M_07_1_009_sync,M07,100,til.b,coda,ih,2.839575352,3.007384344,1,9,80,80,,,
2015_06_23_19_M_07_1_009_sync,M07,100,kib.l,onset,ih,8.720724703,8.909891203,1,15,140,140,,,
2015_06_23_19_M_07_1_009_sync,M07,100,kil.b,coda,ih,18.70343984,18.90633616,1,10,90,90,,,
2015_06_23_19_M_07_1_009_sync,M07,100,cab.l,onset,ae,20.63696158,20.84748559,1,13,120,120,,,
2015_06_23_19_M_07_1_009_sync,M07,100,cal.b,coda,ae,30.10113543,30.33606802,1,12,110,110,,,
2015_06_23_19_M_07_1_009_sync,M07,100,al.b,coda,ae,32.38691519,32.61727117,1,10,90,90,,,
2015_06_23_19_M_07_1_009_sync,M07,100,il.b,coda,ih,34.92717755,35.20024855,1,11,100,100,,,
2015_06_23_19_M_07_1_009_sync,M07,100,tib.l,onset,ih,37.84743935,38.04423353,13,18,50,50,,,
2015_06_23_19_M_07_1_010_sync,M07,100,cab.l,onset,ae,4.849969713,5.077274619,1,8,70,70,,,
2015_06_23_19_M_07_1_010_sync,M07,100,tal.b,coda,ae,6.96474832,7.164593573,1,8,70,70,,,
2015_06_23_19_M_07_1_010_sync,M07,100,tal.b,coda,ae,9.000762934,9.246374276,1,8,70,70,,,
2015_06_23_19_M_07_1_010_sync,M07,100,tib.l,onset,ih,20.78802113,20.9802387,1,7,60,60,,,
2015_06_23_19_M_07_1_010_sync,M07,100,kib.l,onset,ih,22.93290004,23.12206654,1,14,130,130,,,
2015_06_23_19_M_07_1_010_sync,M07,100,til.b,coda,ih,25.16099121,25.35015771,9,12,30,30,,,
2015_06_23_19_M_07_1_010_sync,M07,100,kil.b,coda,ih,27.1784174,27.35843069,1,8,70,70,,,
2015_06_23_19_M_07_1_010_sync,M07,100,il.b,coda,ih,29.15603872,29.39402238,1,12,110,110,,,
2015_06_23_19_M_08_1_001_sync,M08,100,tib.l,onset,ih,14.28681179,14.44851863,12,35,230,230,red - left dominant - 10,,
2015_06_23_19_M_08_1_001_sync,M08,100,tib.l,onset,ih,16.40520523,16.57453976,15,31,160,160,black - right dominant - 87,,
2015_06_23_19_M_08_1_001_sync,M08,100,kil.b,coda,ih,19.183592,19.34987545,10,34,240,240,bad - 2,,
2015_06_23_19_M_08_1_001_sync,M08,100,il.b,coda,ih,21.61734842,21.82634689,13,39,260,260,,,
2015_06_23_19_M_08_1_001_sync,M08,100,al.b,coda,ae,26.11193834,26.32093681,13,40,270,270,,,
2015_06_23_19_M_08_1_001_sync,M08,100,tab.l,onset,ae,28.99447183,29.21262352,17,36,190,190,,,
2015_06_23_19_M_08_1_001_sync,M08,100,til.b,coda,ih,33.9723749,34.1447605,9,30,210,210,,,
2015_06_23_19_M_08_1_001_sync,M08,100,cal.b,coda,ae,36.49072821,36.68904792,10,37,270,270,,,
2015_06_23_19_M_08_1_001_sync,M08,100,cab.l,onset,ae,39.23000238,39.44052638,13,35,220,220,,,
2015_06_23_19_M_08_1_001_sync,M08,100,tal.b,coda,ae,46.121736,46.30785143,7,38,310,310,,,
2015_06_23_19_M_08_1_002_sync,M08,100,il.b,coda,ih,4.564694389,4.795050368,11,39,280,280,,,
2015_06_23_19_M_08_1_002_sync,M08,100,tal.b,coda,ae,6.958646188,7.158491442,7,32,250,250,,,
2015_06_23_19_M_08_1_002_sync,M08,100,kib.l,onset,ih,13.79255115,13.98019211,18,34,160,160,,,
2015_06_23_19_M_08_1_002_sync,M08,100,kil.b,coda,ih,20.57847223,20.76306212,13,30,170,170,,,
2015_06_23_19_M_08_1_002_sync,M08,100,kib.l,onset,ih,23.10195378,23.29417135,7,31,240,240,,,
2015_06_23_19_M_08_1_002_sync,M08,100,cal.b,coda,ae,29.79495819,30.02836524,13,35,220,220,,,
2015_06_23_19_M_08_1_002_sync,M08,100,tab.l,onset,ae,33.92591969,34.12118833,1,35,340,340,,,
2015_06_23_19_M_08_1_002_sync,M08,100,til.b,coda,ih,36.11725719,36.29116833,3,28,250,250,,,
2015_06_23_19_M_08_1_002_sync,M08,100,cab.l,onset,ae,38.21858808,38.41995887,9,31,220,220,,,
2015_06_23_19_M_08_1_002_sync,M08,100,al.b,coda,ae,42.4883734,42.6775399,1,29,280,280,,,
2015_06_23_19_M_08_1_003_sync,M08,100,il.b,coda,ih,7.914974857,8.101090284,12,28,160,160,,,
2015_06_23_19_M_08_1_003_sync,M08,100,kib.l,onset,ih,11.94390143,12.12238918,8,28,200,200,,,
2015_06_23_19_M_08_1_003_sync,M08,100,tal.b,coda,ae,17.98928668,18.16548612,14,31,170,170,,,
2015_06_23_19_M_08_1_003_sync,M08,100,cal.b,coda,ae,20.05941444,20.26917568,16,33,170,170,,,
2015_06_23_19_M_08_1_003_sync,M08,100,til.b,coda,ih,24.31016566,24.48560233,10,34,240,240,,,
2015_06_23_19_M_08_1_003_sync,M08,100,cab.l,onset,ae,26.45657034,26.67014542,11,31,200,200,,,
2015_06_23_19_M_08_1_003_sync,M08,100,kil.b,coda,ih,28.66607337,28.85371433,12,32,200,200,,,
2015_06_23_19_M_08_1_003_sync,M08,100,al.b,coda,ae,30.68128195,30.89943364,11,32,210,210,,,
2015_06_23_19_M_08_1_003_sync,M08,100,kib.l,onset,ih,36.65351185,36.82742299,7,30,230,230,,,
2015_06_23_19_M_08_1_003_sync,M08,100,kib.l,onset,ih,38.68196289,38.89172413,17,30,130,130,,,
2015_06_23_19_M_08_1_004_sync,M08,100,cab.l,onset,ae,5.31643733,5.51780812,14,40,260,260,,,
2015_06_23_19_M_08_1_004_sync,M08,100,al.b,coda,ae,7.146081585,7.359656665,15,41,260,260,,,
2015_06_23_19_M_08_1_004_sync,M08,100,kil.b,coda,ih,14.65218383,14.8108396,11,32,210,210,,,
2015_06_23_19_M_08_1_004_sync,M08,100,kib.l,onset,ih,16.52122269,16.67530186,13,33,200,200,,,
2015_06_23_19_M_08_1_004_sync,M08,100,til.b,coda,ih,18.6240789,18.77815806,7,38,310,310,,,
2015_06_23_19_M_08_1_004_sync,M08,100,tab.l,onset,ae,20.87033547,21.05034875,15,30,150,150,,,
2015_06_23_19_M_08_1_004_sync,M08,100,tal.b,coda,ae,26.85369548,27.04133644,10,40,300,300,,,
2015_06_23_19_M_08_1_004_sync,M08,100,cal.b,coda,ae,31.21403843,31.3894751,8,36,280,280,,,
2015_06_23_19_M_08_1_004_sync,M08,100,il.b,coda,ih,33.06906551,33.28569166,16,36,200,200,,,
2015_06_23_19_M_08_1_004_sync,M08,100,tib.l,onset,ih,35.2726071,35.43278841,11,32,210,210,,,
2015_06_23_19_M_08_1_005_sync,M08,100,tal.b,coda,ae,5.32589302,5.521161665,10,40,300,300,,,
2015_06_23_19_M_08_1_005_sync,M08,100,til.b,coda,ih,9.048574691,9.190449565,10,32,220,220,,,
2015_06_23_19_M_08_1_005_sync,M08,100,al.b,coda,ae,12.47086666,12.65850763,16,42,260,260,,,
2015_06_23_19_M_08_1_005_sync,M08,100,tib.l,onset,ih,16.22696927,16.38562504,12,32,200,200,,,
2015_06_23_19_M_08_1_005_sync,M08,100,kib.l,onset,ih,21.66377749,21.81938219,10,29,190,190,,,
2015_06_23_19_M_08_1_005_sync,M08,100,il.b,coda,ih,23.47401287,23.67690919,14,34,200,200,,,
2015_06_23_19_M_08_1_005_sync,M08,100,cab.l,onset,ae,27.64449754,27.86722584,14,41,270,270,,,
2015_06_23_19_M_08_1_005_sync,M08,100,tab.l,onset,ae,30.02721946,30.24537115,14,39,250,250,,,
2015_06_23_19_M_08_1_005_sync,M08,100,kil.b,coda,ih,33.85363763,34.03365091,9,41,320,320,,,
2015_06_23_19_M_08_1_005_sync,M08,100,cal.b,coda,ae,35.88853725,36.08990804,11,32,210,210,,,
2015_06_23_19_M_08_1_006_sync,M08,100,cal.b,coda,ae,3.126407986,3.329304312,7,34,270,270,,,
2015_06_23_19_M_08_1_006_sync,M08,100,kil.b,coda,ih,5.155346106,5.347563678,10,33,230,230,,,
2015_06_23_19_M_08_1_006_sync,M08,100,tab.l,onset,ae,7.130890394,7.333786721,11,32,210,210,,,
2015_06_23_19_M_08_1_006_sync,M08,100,tal.b,coda,ae,13.08526502,13.2942635,10,33,230,230,,,
2015_06_23_19_M_08_1_006_sync,M08,100,til.b,coda,ih,16.99142099,17.16380659,6,30,240,240,,,
2015_06_23_19_M_08_1_006_sync,M08,100,kib.l,onset,ih,21.09437099,21.26675659,16,30,140,140,,,
2015_06_23_19_M_08_1_006_sync,M08,100,kib.l,onset,ih,29.02664886,29.19598339,8,28,200,200,,,
2015_06_23_19_M_08_1_006_sync,M08,100,cab.l,onset,ae,33.15844319,33.36133952,9,33,240,240,,,
2015_06_23_19_M_08_1_006_sync,M08,100,al.b,coda,ae,35.23162191,35.42841609,15,36,210,210,,,
2015_06_23_19_M_08_1_006_sync,M08,100,il.b,coda,ih,37.2924553,37.47704519,13,33,200,200,,,
2015_06_23_19_M_08_1_007_sync,M08,100,al.b,coda,ae,2.490823396,2.699821867,13,35,220,220,,,
2015_06_23_19_M_08_1_007_sync,M08,100,til.b,coda,ih,5.00667761,5.180588747,9,32,230,230,,,
2015_06_23_19_M_08_1_007_sync,M08,100,tib.l,onset,ih,9.519716026,9.682948409,13,32,190,190,,,
2015_06_23_19_M_08_1_007_sync,M08,100,tal.b,coda,ae,11.65544214,11.84613417,7,31,240,240,,,
2015_06_23_19_M_08_1_007_sync,M08,100,cal.b,coda,ae,13.76523411,13.96965597,8,37,290,290,,,
2015_06_23_19_M_08_1_007_sync,M08,100,kil.b,coda,ih,15.96322537,16.14323866,10,33,230,230,,,
2015_06_23_19_M_08_1_007_sync,M08,100,il.b,coda,ih,20.08836697,20.29278884,12,22,100,100,,,
2015_06_23_19_M_08_1_007_sync,M08,100,tab.l,onset,ae,30.2444309,30.44427616,9,37,280,280,,,
2015_06_23_19_M_08_1_007_sync,M08,100,kib.l,onset,ih,38.62951276,38.80037282,9,33,240,240,,,
2015_06_23_19_M_08_1_008_sync,M08,100,kib.l,onset,ih,3.364802088,3.550917515,12,30,180,180,,,
2015_06_23_19_M_08_1_008_sync,M08,100,tib.l,onset,ih,5.391663301,5.567099974,9,32,230,230,,,
2015_06_23_19_M_08_1_008_sync,M08,100,til.b,coda,ih,13.18747601,13.36291268,8,32,240,240,,,
2015_06_23_19_M_08_1_008_sync,M08,100,kil.b,coda,ih,17.14785891,17.32787219,12,41,290,290,,,
2015_06_23_19_M_08_1_008_sync,M08,100,al.b,coda,ae,19.17055388,19.38565449,16,41,250,250,,,
2015_06_23_19_M_08_1_008_sync,M08,100,il.b,coda,ih,25.26818795,25.49854393,16,29,130,130,,,
2015_06_23_19_M_08_1_008_sync,M08,100,tab.l,onset,ae,27.39850373,27.60292559,12,38,260,260,,,
2015_06_23_19_M_08_1_008_sync,M08,100,cab.l,onset,ae,29.59746862,29.78663512,9,27,180,180,,,
2015_06_23_19_M_08_1_008_sync,M08,100,tal.b,coda,ae,33.88264974,34.09012268,5,33,280,280,,,
2015_06_23_19_M_08_1_008_sync,M08,100,cal.b,coda,ae,38.13634573,38.3621251,12,32,200,200,,,
2015_06_23_19_M_08_1_009_sync,M08,100,til.b,coda,ih,5.111805115,5.281902411,12,37,250,250,,,
2015_06_23_19_M_08_1_009_sync,M08,100,tib.l,onset,ih,7.213312128,7.390274337,14,33,190,190,,,
2015_06_23_19_M_08_1_009_sync,M08,100,cal.b,coda,ae,16.11484549,16.33147164,10,33,230,230,,,
2015_06_23_19_M_08_1_009_sync,M08,100,cab.l,onset,ae,18.33378363,18.53210334,13,44,310,310,,,
2015_06_23_19_M_08_1_009_sync,M08,100,il.b,coda,ih,20.38629728,20.64106184,16,31,150,150,,,
2015_06_23_19_M_08_1_009_sync,M08,100,kib.l,onset,ih,24.90918073,25.10597492,12,42,300,300,,,
2015_06_23_19_M_08_1_009_sync,M08,100,tal.b,coda,ae,26.98083417,27.18220496,12,48,360,360,,,
2015_06_23_19_M_08_1_009_sync,M08,100,tab.l,onset,ae,33.20716558,33.4390471,13,38,250,250,,,
2015_06_23_19_M_08_1_009_sync,M08,100,al.b,coda,ae,39.35042567,39.57315397,15,36,210,210,,,
2015_06_23_19_M_08_1_010_sync,M08,100,tab.l,onset,ae,3.051246398,3.248040579,13,34,210,210,,,
2015_06_23_19_M_08_1_010_sync,M08,100,cab.l,onset,ae,5.066172799,5.29195217,13,36,230,230,,,
2015_06_23_19_M_08_1_010_sync,M08,100,tal.b,coda,ae,7.035896948,7.232691129,9,35,260,260,,,
2015_06_23_19_M_08_1_010_sync,M08,100,cal.b,coda,ae,9.076347133,9.282294531,11,34,230,230,,,
2015_06_23_19_M_08_1_010_sync,M08,100,al.b,coda,ae,11.0456483,11.28820857,13,38,250,250,,,
2015_06_23_19_M_08_1_010_sync,M08,100,kib.l,onset,ih,23.05563401,23.21886639,9,35,260,260,,,
2015_06_23_19_M_08_1_010_sync,M08,100,til.b,coda,ih,25.64859765,25.82403432,6,31,250,250,,,
2015_06_23_19_M_08_1_010_sync,M08,100,kil.b,coda,ih,27.70208537,27.87294544,6,34,280,280,,,
2015_06_23_19_M_08_1_010_sync,M08,100,il.b,coda,ih,29.68816746,29.90937022,15,40,250,250,,,
