source,speaker,token,syllable,vowel,onset,offset,srate,TM_ms,TD_ms,TM,TD,DeltaHeightMax,LaLagTM,LaLagTD
2015_06_12_19_F_03_1_001_sync,F03,cal.b,coda,ae,7.69721935,7.90710971,100,783,779,8,8,22,-142,-142
2015_06_12_19_F_03_1_001_sync,F03,til.b,coda,ih,15.51199493,15.74961487,100,1565,1560,16,16,20,-44,-44
2015_06_12_19_F_03_1_001_sync,F03,kil.b,coda,ih,18.20479687,18.4649837,100,1833,1833,18,18,21,-27,-27
2015_06_12_19_F_03_1_001_sync,F03,al.b,coda,ae,21.05497492,21.36465878,100,2111,2119,21,21,22,-9,-8
2015_06_12_19_F_03_1_001_sync,F03,kib.l,onset,ih,24.30714914,24.53262711,100,2447,2443,24,24,15,95,94
2015_06_12_19_F_03_1_001_sync,F03,tal.b,coda,ae,27.09809706,27.40128335,100,2732,2722,27,27,19,83,82
2015_06_12_19_F_03_1_001_sync,F03,il.b,coda,ih,32.57977468,32.88107344,100,3275,3274,33,33,24,88,87
2015_06_12_19_F_03_1_001_sync,F03,tab.l,onset,ae,43.76466404,44.00276666,100,4396,4387,44,44,15,290,289
2015_06_12_19_F_03_1_001_sync,F03,tib.l,onset,ih,46.67993774,46.90208174,100,4688,4681,47,47,15,319,318
2015_06_12_19_F_03_1_001_sync,F03,cab.l,onset,ae,52.24046537,52.49069654,100,5243,5239,52,52,15,374,374
2015_06_12_19_F_03_1_002_sync,F03,tal.b,coda,ae,3.419829686,3.687296166,100,348,349,3,3,25,-215,-215
2015_06_12_19_F_03_1_002_sync,F03,tib.l,onset,ih,8.253424289,8.457694632,100,839,833,8,8,12,-36,-37
2015_06_12_19_F_03_1_002_sync,F03,tab.l,onset,ae,10.69544623,10.92145365,100,1083,1077,11,11,14,-32,-32
2015_06_12_19_F_03_1_002_sync,F03,tab.l,onset,ae,26.13386597,26.37133025,100,2633,2632,26,26,18,83,83
2015_06_12_19_F_03_1_002_sync,F03,cal.b,coda,ae,28.50242488,28.78201992,100,2869,2862,29,29,21,77,76
2015_06_12_19_F_03_1_002_sync,F03,al.b,coda,ae,30.88739174,31.19571228,100,3097,3105,31,31,26,50,51
2015_06_12_19_F_03_1_002_sync,F03,til.b,coda,ih,33.49689834,33.73883102,100,3364,3360,34,34,13,206,206
2015_06_12_19_F_03_1_002_sync,F03,kil.b,coda,ih,38.21129583,38.44939845,100,3833,3834,38,38,25,133,133
2015_06_12_19_F_03_1_002_sync,F03,il.b,coda,ih,42.96109369,43.25090224,100,4311,4310,43,43,24,191,191
2015_06_12_19_F_03_1_002_sync,F03,kil.b,coda,ih,45.37506194,45.65146525,100,4552,4549,46,45,14,315,315
2015_06_12_19_F_03_1_003_sync,F03,kib.l,onset,ih,4.437219799,4.669439282,100,460,455,5,5,14,-94,-95
2015_06_12_19_F_03_1_003_sync,F03,kil.b,coda,ih,6.693190189,6.938314601,100,680,677,7,7,17,-102,-102
2015_06_12_19_F_03_1_003_sync,F03,cal.b,coda,ae,9.089662839,9.353937595,100,913,917,9,9,22,-129,-128
2015_06_12_19_F_03_1_003_sync,F03,til.b,coda,ih,11.50226751,11.72568819,100,1162,1159,12,12,9,26,26
2015_06_12_19_F_03_1_003_sync,F03,al.b,coda,ae,13.81209873,14.13701625,100,1390,1395,14,14,21,-71,-71
2015_06_12_19_F_03_1_003_sync,F03,il.b,coda,ih,25.78673917,26.06441917,100,2594,2592,26,26,20,59,59
2015_06_12_19_F_03_1_003_sync,F03,tib.l,onset,ih,28.4099109,28.61864965,100,2861,2853,29,29,15,136,135
2015_06_12_19_F_03_1_003_sync,F03,tal.b,coda,ae,31.05916837,31.30556947,100,3125,3120,31,31,31,3,2
2015_06_12_19_F_03_1_003_sync,F03,cab.l,onset,ae,33.66118827,33.91844123,100,3389,3385,34,34,16,179,179
2015_06_12_19_F_03_1_003_sync,F03,tab.l,onset,ae,46.01967903,46.25778164,100,4622,4616,46,46,15,312,312
2015_06_12_19_F_03_1_004_sync,F03,cal.b,coda,ae,2.372345577,2.641088747,100,243,248,2,2,17,-146,-145
2015_06_12_19_F_03_1_004_sync,F03,tab.l,onset,ae,4.599641041,4.832636901,100,475,469,5,5,17,-123,-123
2015_06_12_19_F_03_1_004_sync,F03,til.b,coda,ih,6.995648481,7.24970972,100,712,709,7,7,20,-129,-129
2015_06_12_19_F_03_1_004_sync,F03,kib.l,onset,ih,9.355443714,9.564820816,100,951,946,10,9,15,-55,-55
2015_06_12_19_F_03_1_004_sync,F03,kil.b,coda,ih,11.71716966,11.99293463,100,1186,1182,12,12,14,-21,-22
2015_06_12_19_F_03_1_004_sync,F03,il.b,coda,ih,18.84444722,19.1304257,100,1902,1899,19,19,29,-100,-100
2015_06_12_19_F_03_1_004_sync,F03,cab.l,onset,ae,23.81311042,24.06078821,100,2399,2392,24,24,17,70,69
2015_06_12_19_F_03_1_004_sync,F03,al.b,onset,ae,30.79765879,31.07150872,100,3088,3093,31,31,22,89,89
2015_06_12_19_F_03_1_004_sync,F03,tal.b,coda,ae,33.27456272,33.60841706,100,3337,3344,33,33,21,124,124
2015_06_12_19_F_03_1_004_sync,F03,tib.l,onset,ih,39.99809886,40.21066768,100,4019,4014,40,40,16,242,241
2015_06_12_19_F_03_1_005_sync,F03,tal.b,coda,ae,4.135997721,4.403464201,100,420,422,4,4,21,-168,-168
2015_06_12_19_F_03_1_005_sync,F03,il.b,coda,ih,8.709872523,8.986275831,100,885,881,9,9,20,-112,-112
2015_06_12_19_F_03_1_005_sync,F03,til.b,coda,ih,11.12402977,11.37043087,100,1127,1122,11,11,20,-87,-88
2015_06_12_19_F_03_1_005_sync,F03,al.b,coda,ae,13.37530656,13.67086021,100,1344,1351,13,14,31,-176,-175
2015_06_12_19_F_03_1_005_sync,F03,tab.l,onset,ae,18.0800204,18.30867339,100,1824,1816,18,18,15,32,32
2015_06_12_19_F_03_1_005_sync,F03,tib.l,onset,ih,20.56925925,20.76885689,100,2074,2064,21,21,14,67,66
2015_06_12_19_F_03_1_005_sync,F03,cal.b,coda,ae,29.7141778,29.96746468,100,2977,2982,30,30,25,48,48
2015_06_12_19_F_03_1_005_sync,F03,kib.l,onset,ih,32.05126187,32.25591262,100,3223,3218,32,32,14,182,182
2015_06_12_19_F_03_1_005_sync,F03,kil.b,coda,ih,36.9910927,37.23616828,100,3714,3712,37,37,19,181,181
2015_06_12_19_F_03_1_005_sync,F03,cab.l,onset,ae,43.86319796,44.10827354,100,4407,4404,44,44,16,281,280
2015_06_12_19_F_03_1_006_sync,F03,tib.l,onset,ih,2.222654168,2.434924102,100,230,226,2,2,9,-67,-67
2015_06_12_19_F_03_1_006_sync,F03,cab.l,onset,ae,4.608352961,4.847563425,100,469,464,5,5,9,-43,-44
2015_06_12_19_F_03_1_006_sync,F03,tal.b,coda,ae,9.434817587,9.689313939,100,965,945,10,9,8,17,15
2015_06_12_19_F_03_1_006_sync,F03,kil.b,coda,ih,11.73814707,11.97441689,100,1176,1175,12,12,4,78,78
2015_06_12_19_F_03_1_006_sync,F03,kib.l,onset,ih,14.06915399,14.29058755,100,1415,1410,14,14,9,52,51
2015_06_12_19_F_03_1_006_sync,F03,il.b,coda,ih,16.33518971,16.60858765,100,1639,1639,16,16,19,-26,-26
2015_06_12_19_F_03_1_006_sync,F03,tab.l,onset,ae,21.09037681,21.33672119,100,2119,2110,21,21,20,12,11
2015_06_12_19_F_03_1_006_sync,F03,al.b,coda,ae,32.60899835,32.89522236,100,3276,3266,33,33,20,128,127
2015_06_12_19_F_03_1_006_sync,F03,til.b,coda,ih,37.2492445,37.47403836,100,3734,3729,37,37,21,163,163
2015_06_12_19_F_03_1_006_sync,F03,cal.b,coda,ae,39.51911735,39.78778989,100,3969,3953,40,40,15,247,245
2015_06_12_19_F_03_1_007_sync,F03,til.b,coda,ih,7.3092965,7.540840927,100,743,740,7,7,23,-156,-156
2015_06_12_19_F_03_1_007_sync,F03,kib.l,onset,ih,9.653212382,9.889482205,100,983,978,10,10,16,-62,-62
2015_06_12_19_F_03_1_007_sync,F03,tib.l,onset,ih,18.73599049,18.94396955,100,1890,1883,19,19,14,49,48
2015_06_12_19_F_03_1_007_sync,F03,il.b,coda,ih,20.99723218,21.2584791,100,2116,2110,21,21,14,72,71
2015_06_12_19_F_03_1_007_sync,F03,al.b,coda,ae,23.24668767,23.55991395,100,2330,2339,23,23,31,-77,-76
2015_06_12_19_F_03_1_007_sync,F03,tal.b,coda,ae,25.7745626,26.02500861,100,2585,2589,26,26,23,29,29
2015_06_12_19_F_03_1_007_sync,F03,kil.b,coda,ih,28.07873296,28.35145584,100,2824,2822,28,28,28,2,2
2015_06_12_19_F_03_1_007_sync,F03,tab.l,onset,ae,30.39037645,30.63609706,100,3053,3049,31,30,16,145,145
2015_06_12_19_F_03_1_007_sync,F03,cal.b,coda,ae,32.82247618,33.08237298,100,3288,3295,33,33,20,129,130
2015_06_12_19_F_03_1_007_sync,F03,cab.l,onset,ae,35.18274419,35.42941471,100,3529,3531,35,35,16,193,193
2015_06_12_19_F_03_1_008_sync,F03,tab.l,onset,ae,10.73078739,10.98557836,100,1089,1083,11,11,17,-61,-62
2015_06_12_19_F_03_1_008_sync,F03,tal.b,coda,ae,17.68645572,17.94200644,100,1775,1778,18,18,26,-83,-82
2015_06_12_19_F_03_1_008_sync,F03,til.b,coda,ih,19.9910966,20.24664732,100,2013,2009,20,20,32,-119,-119
2015_06_12_19_F_03_1_008_sync,F03,il.b,coda,ih,22.41004182,22.7112529,100,2254,2253,23,23,17,55,55
2015_06_12_19_F_03_1_008_sync,F03,kil.b,coda,ih,27.28058469,27.52361564,100,2743,2740,27,27,28,-6,-6
2015_06_12_19_F_03_1_008_sync,F03,tib.l,onset,ih,29.68667534,29.92307817,100,2986,2980,30,30,14,159,158
2015_06_12_19_F_03_1_008_sync,F03, cab.l,onset,ae,35.8064276,36.05375468,100,3599,3593,36,36,14,220,219
2015_06_12_19_F_03_1_008_sync,F03,cal.b,coda,ae,38.36349717,38.61664341,100,3845,3849,38,38,15,235,235
2015_06_12_19_F_03_1_008_sync,F03,al.b,coda,ae,40.69163789,40.97853696,100,4076,4083,41,41,21,198,198
2015_06_12_19_F_03_1_008_sync,F03,kib.l,onset,ih,43.25318156,43.48691785,100,4344,4341,43,43,16,274,274
2015_06_12_19_F_03_1_009_sync,F03,al.b,coda,ae,1.870274604,2.151098164,100,193,197,2,2,23,-211,-210
2015_06_12_19_F_03_1_009_sync,F03,tal.b,coda,ae,4.436588955,4.677584174,100,448,453,4,5,23,-185,-185
2015_06_12_19_F_03_1_009_sync,F03,kib.l,onset,ih,6.807210928,7.050231317,100,696,692,7,7,16,-90,-91
2015_06_12_19_F_03_1_009_sync,F03,cal.b,coda,ae,9.156195774,9.418455277,100,921,927,9,9,17,-78,-77
2015_06_12_19_F_03_1_009_sync,F03,cab.l,onset,ae,11.78060358,12.05197635,100,1199,1200,12,12,23,-110,-110
2015_06_12_19_F_03_1_009_sync,F03,tab.l,onset,ae,16.41781792,16.67197675,100,1659,1651,17,17,18,-14,-15
2015_06_12_19_F_03_1_009_sync,F03,til.b,coda,ih,21.09287191,21.33184196,100,2125,2121,21,21,26,-48,-48
2015_06_12_19_F_03_1_009_sync,F03,il.b,coda,ih,23.40831698,23.66247581,100,2357,2353,24,24,15,86,85
2015_06_12_19_F_03_1_009_sync,F03,tib.l,onset,ih,30.28266951,30.50847596,100,3046,3042,30,30,15,155,154
2015_06_12_19_F_03_1_009_sync,F03,kil.b,coda,ih,34.84912266,35.09062417,100,3500,3497,35,35,18,170,170
2015_06_12_19_F_03_1_010_sync,F03,tab.l,onset,ae,1.746401711,1.9894221,100,189,179,2,2,14,-121,-122
2015_06_12_19_F_03_1_010_sync,F03,cab.l,onset,ae,4.23588103,4.511979194,100,445,443,4,4,22,-176,-176
2015_06_12_19_F_03_1_010_sync,F03,tal.b,coda,ae,6.61022187,6.855942486,100,668,673,7,7,18,-113,-113
2015_06_12_19_F_03_1_010_sync,F03,cal.b,coda,ae,9.023419945,9.252264144,100,907,911,9,9,23,-139,-139
2015_06_12_19_F_03_1_010_sync,F03,al.b,coda,ae,11.2894555,11.59525616,100,1136,1143,11,11,34,-226,-226
2015_06_12_19_F_03_1_010_sync,F03,tib.l,onset,ih,23.48201233,23.70410597,100,2364,2358,24,24,13,106,106
2015_06_12_19_F_03_1_010_sync,F03,kib.l,onset,ih,26.06431794,26.28506146,100,2623,2619,26,26,14,122,122
2015_06_12_19_F_03_1_010_sync,F03,til.b,coda,ih,28.51818506,28.73420319,100,2868,2861,29,29,22,67,66
2015_06_12_19_F_03_1_010_sync,F03,kil.b,coda,ih,30.91248141,31.16022719,100,3105,3104,31,31,24,71,70
2015_06_16_21_F_04_1_001_sync,F04,tal.b,coda,ae,11.68711089,11.94430746,100,1179,1185,12,12,18,-62,-62
2015_06_16_21_F_04_1_001_sync,F04,cal.b,coda,ae,14.03026852,14.30096623,100,1414,1418,14,14,19,-49,-48
2015_06_16_21_F_04_1_001_sync,F04,til.b,coda,ih,20.56255672,20.78397529,100,2067,2068,21,21,8,127,127
2015_06_16_21_F_04_1_001_sync,F04,tib.l,onset,ih,22.86512833,23.07709612,100,2303,2302,23,23,18,50,50
2015_06_16_21_F_04_1_001_sync,F04,al.b,coda,ae,25.07985954,25.36743367,100,2521,2525,25,25,16,92,93
2015_06_16_21_F_04_1_001_sync,F04,cab.l,onset,ae,27.38732222,27.69649816,100,2762,2763,28,28,28,-4,-4
2015_06_16_21_F_04_1_001_sync,F04,tab.l,onset,ae,29.76144982,30.03754798,100,2998,2997,30,30,28,20,20
2015_06_16_21_F_04_1_001_sync,F04,til.b,coda,ih,36.66257983,36.88264829,100,3678,3676,37,37,6,308,308
2015_06_16_21_F_04_1_002_sync,F04,il.b,coda,ih,7.756273615,8.026296269,100,793,790,8,8,21,-131,-131
2015_06_16_21_F_04_1_002_sync,F04,tab.l,onset,ae,9.886368385,10.15099059,100,1007,1006,10,10,21,-109,-109
2015_06_16_21_F_04_1_002_sync,F04,tib.l,onset,ih,14.31949021,14.55373486,100,1447,1444,14,14,18,-35,-36
2015_06_16_21_F_04_1_002_sync,F04,cal.b,coda,ae,24.80658156,25.06040285,100,2492,2494,25,25,17,79,79
2015_06_16_21_F_04_1_002_sync,F04,til.b,coda,ih,29.0601859,29.29645572,100,2919,2918,29,29,26,32,32
2015_06_16_21_F_04_1_002_sync,F04,tal.b,coda,ae,31.14023744,31.37920749,100,3128,3131,31,31,17,143,143
2015_06_16_21_F_04_1_002_sync,F04,tib.l,onset,ih,40.22537751,40.47784869,100,4041,4039,40,40,18,224,224
2015_06_16_21_F_04_1_003_sync,F04,til.b,coda,ih,2.87072662,3.084044517,100,298,295,3,3,14,-110,-111
2015_06_16_21_F_04_1_003_sync,F04,cal.b,coda,ae,12.81898648,13.09981004,100,1296,1302,13,13,25,-120,-120
2015_06_16_21_F_04_1_003_sync,F04,tib.l,onset,ih,16.81184124,17.07511332,100,1697,1693,17,17,28,-110,-111
2015_06_16_21_F_04_1_003_sync,F04,til.b,coda,ih,24.7109777,24.90134367,100,2484,2483,25,25,11,138,138
2015_06_16_21_F_04_1_003_sync,F04,tal.b,coda,ae,31.02538862,31.25220765,100,3116,3116,31,31,18,132,132
2015_06_16_21_F_04_1_003_sync,F04,al.b,coda,ae,32.98738812,33.27901258,100,3316,3316,33,33,27,62,62
2015_06_16_21_F_04_1_003_sync,F04,tib.l,onset,ih,37.10504545,37.39666991,100,3731,3726,37,37,5,323,323
2015_06_16_21_F_04_1_004_sync,F04,tab.l,onset,ae,11.21861718,11.49066501,100,1140,1138,11,11,24,-126,-126
2015_06_16_21_F_04_1_004_sync,F04,til.b,coda,ih,13.38262457,13.60404315,100,1353,1345,14,13,10,35,35
2015_06_16_21_F_04_1_004_sync,F04,tal.b,coda,ae,23.45032948,23.68659931,100,2357,2359,24,24,14,96,96
2015_06_16_21_F_04_1_004_sync,F04,il.b,coda,ih,25.40768666,25.65171964,100,2555,2555,26,26,26,-4,-4
2015_06_16_21_F_04_1_004_sync,F04,al.b,coda,ae,27.37762116,27.64224336,100,2751,2754,28,28,23,45,45
2015_06_16_21_F_04_1_004_sync,F04,tib.l,onset,ih,29.40577655,29.64069626,100,2959,2957,30,30,24,56,56
2015_06_16_21_F_04_1_004_sync,F04,cab.l,onset,ae,33.49297423,33.79674971,100,3376,3374,34,34,29,48,47
2015_06_16_21_F_04_1_004_sync,F04,tib.l,onset,ih,35.68702784,35.94489948,100,3587,3586,36,36,10,259,259
2015_06_16_21_F_04_1_004_sync,F04,til.b,coda,ih,37.77788055,37.98849822,100,3794,3793,38,38,21,169,169
2015_06_16_21_F_04_1_004_sync,F04,tal.b,coda,ae,40.55814381,40.80521454,100,4068,4072,41,41,15,257,257
2015_06_16_21_F_04_1_005_sync,F04,kil.b,coda,ih,5.202325625,5.422394089,100,533,533,5,5,24,-187,-187
2015_06_16_21_F_04_1_005_sync,F04,il.b,coda,ih,7.161535921,7.432908689,100,729,728,7,7,28,-207,-207
2015_06_16_21_F_04_1_005_sync,F04,tal.b,coda,ae,11.19607876,11.46205108,100,1130,1136,11,11,9,23,24
2015_06_16_21_F_04_1_005_sync,F04,tab.l,onset,ae,15.13670593,15.40132813,100,1533,1534,15,15,9,63,63
2015_06_16_21_F_04_1_005_sync,F04,cab.l,onset,ae,19.06420458,19.3160007,100,1930,1928,19,19,10,93,93
2015_06_16_21_F_04_1_005_sync,F04,tib.l,onset,ih,21.07438784,21.30255698,100,2124,2122,21,21,28,-68,-68
2015_06_16_21_F_04_1_005_sync,F04,til.b,coda,ih,27.44685402,27.66574416,100,2757,2756,28,28,12,156,156
2015_06_16_21_F_04_1_005_sync,F04,tib.l,onset,ih,35.66141406,35.89835894,100,3585,3577,36,36,31,49,48
2015_06_16_21_F_04_1_005_sync,F04,al.b,coda,ae,37.45304459,37.73116792,100,3762,3763,38,38,21,166,166
2015_06_16_21_F_04_1_006_sync,F04,til.b,coda,ih,2.595992791,2.801210009,100,269,268,3,3,20,-173,-173
2015_06_16_21_F_04_1_006_sync,F04,il.b,coda,ih,6.508338268,6.782411263,100,663,662,7,7,24,-174,-174
2015_06_16_21_F_04_1_006_sync,F04,tib.l,onset,ih,8.422491854,8.625008845,100,857,852,9,9,17,-84,-85
2015_06_16_21_F_04_1_006_sync,F04,cab.l,onset,ae,10.44458367,10.70110519,100,1060,1064,11,11,24,-134,-134
2015_06_16_21_F_04_1_006_sync,F04,cab.l,onset,ae,11.07478709,11.32803693,100,1127,1126,11,11,23,-117,-117
2015_06_16_21_F_04_1_006_sync,F04,al.b,coda,ae,12.92772706,13.17884813,100,1302,1307,13,13,16,-30,-29
2015_06_16_21_F_04_1_006_sync,F04,kil.b,coda,ih,14.93023017,15.13004693,100,1504,1504,15,15,23,-80,-80
2015_06_16_21_F_04_1_006_sync,F04,tab.l,onset,ae,24.55602093,24.81659279,100,2475,2474,25,25,30,-53,-53
2015_06_16_21_F_04_1_006_sync,F04,kib.l,onset,ih,34.57528703,34.76970334,100,3474,3473,35,35,8,267,267
2015_06_16_21_F_04_1_006_sync,F04,cal.b,coda,ae,36.58167471,36.86384838,100,3673,3678,37,37,19,177,178
2015_06_16_21_F_04_1_007_sync,F04,tab.l,onset,ae,4.340852367,4.605474568,100,445,448,4,4,11,-66,-65
2015_06_16_21_F_04_1_007_sync,F04,kib.l,onset,ih,8.103169112,8.30028565,100,818,818,8,8,19,-108,-108
2015_06_16_21_F_04_1_007_sync,F04,cal.b,coda,ae,13.80435067,14.06081518,100,1382,1388,14,14,19,-52,-51
2015_06_16_21_F_04_1_007_sync,F04,kil.b,coda,ih,15.56839754,15.80331725,100,1562,1562,16,16,15,6,6
2015_06_16_21_F_04_1_007_sync,F04,cab.l,onset,ae,17.80996536,18.09078892,100,1797,1795,18,18,18,0,-1
2015_06_16_21_F_04_1_007_sync,F04,tal.b,coda,ae,23.42956488,23.66178436,100,2347,2352,23,24,43,-195,-195
2015_06_16_21_F_04_1_007_sync,F04,al.b,coda,ae,25.42641875,25.71804322,100,2550,2555,26,26,19,65,66
2015_06_16_21_F_04_1_007_sync,F04,il.b,coda,ih,33.0094094,33.23420326,100,3308,3308,33,33,19,141,141
2015_06_16_21_F_04_1_007_sync,F04,tib.l,onset,ih,35.03874868,35.26016726,100,3514,3510,35,35,25,101,101
2015_06_16_21_F_04_1_008_sync,F04,cal.b,coda,ae,4.096564701,4.354436336,100,418,422,4,4,16,-118,-118
2015_06_16_21_F_04_1_008_sync,F04,il.b,coda,ih,7.920062918,8.18468512,100,806,807,8,8,16,-79,-79
2015_06_16_21_F_04_1_008_sync,F04,al.b,coda,ae,9.875903909,10.15672747,100,1007,1006,10,10,11,-9,-9
2015_06_16_21_F_04_1_008_sync,F04,tal.b,coda,ae,11.87587203,12.15129514,100,1201,1202,12,12,17,-50,-50
2015_06_16_21_F_04_1_008_sync,F04,kib.l,onset,ih,15.9245077,16.15942741,100,1609,1609,16,16,11,51,51
2015_06_16_21_F_04_1_008_sync,F04,tib.l,onset,ih,17.89747372,18.13509366,100,1806,1813,18,18,15,31,31
2015_06_16_21_F_04_1_008_sync,F04,cab.l,onset,ae,22.24145241,22.51687552,100,2247,2247,22,22,19,35,35
2015_06_16_21_F_04_1_008_sync,F04,cab.l,onset,ae,32.44475873,32.70398048,100,3265,3271,33,33,17,157,157
2015_06_16_21_F_04_1_009_sync,F04,tal.b,coda,ae,2.955316098,3.213187733,100,307,309,3,3,52,-489,-489
2015_06_16_21_F_04_1_009_sync,F04,tab.l,onset,ae,14.70765416,14.94122376,100,1488,1490,15,15,15,-1,-1
2015_06_16_21_F_04_1_009_sync,F04,tib.l,onset,ih,16.57801175,16.80888112,100,1675,1669,17,17,30,-133,-133
2015_06_16_21_F_04_1_009_sync,F04,cal.b,coda,ae,24.35774667,24.57916525,100,2444,2451,24,25,13,114,115
2015_06_16_21_F_04_1_009_sync,F04,cab.l,onset,ae,26.35198328,26.6490082,100,2660,2660,27,27,22,46,46
2015_06_16_21_F_04_1_009_sync,F04,il.b,coda,ih,28.26073633,28.51590773,100,2840,2839,28,28,14,144,144
2015_06_16_21_F_04_1_009_sync,F04,til.b,coda,ih,34.14150047,34.33861701,100,3428,3426,34,34,9,253,253
2015_06_16_21_F_04_1_009_sync,F04,al.b,coda,ae,36.08742743,36.36734408,100,3621,3623,36,36,14,222,222
2015_06_18_19_F_05_1_001_sync,F05,al.b,coda,ae,18.00908332,18.26689895,100,1818,1818,18,18,12,62,62
2015_06_18_19_F_05_1_001_sync,F05,kib.l,onset,ih,25.47749921,25.69641367,100,2567,2571,26,26,26,-3,-3
2015_06_18_19_F_05_1_001_sync,F05,tab.l,onset,ae,28.23348345,28.46841604,100,2835,2831,28,28,21,74,73
2015_06_18_19_F_05_1_001_sync,F05,til.b,coda,ih,30.5284869,30.72833216,100,3063,3062,31,31,23,76,76
2015_06_18_19_F_05_1_001_sync,F05,il.b,coda,ih,35.29080877,35.52650413,100,3540,3547,35,35,10,254,255
2015_06_18_19_F_05_1_001_sync,F05,tal.b,coda,ae,38.09366862,38.33088951,100,3828,3823,38,38,12,263,262
2015_06_18_19_F_05_1_001_sync,F05,til.b,coda,ih,41.03035894,41.25079894,100,4109,4118,41,41,12,291,292
2015_06_18_19_F_05_1_001_sync,F05,tab.l,onset,ae,43.59322864,43.82511015,100,4379,4381,44,44,36,78,78
2015_06_18_19_F_05_1_001_sync,F05,tib.l,onset,ih,51.10557417,51.35576212,100,5134,5126,51,51,21,303,303
2015_06_18_19_F_05_1_001_sync,F05,cal.b,onset,ae,55.97516464,56.29629003,100,5621,5613,56,56,12,442,441
2015_06_18_19_F_05_1_002_sync,F05,cab.l,onset,ae,10.09570394,10.32758546,100,1026,1029,10,10,32,-217,-217
2015_06_18_19_F_05_1_002_sync,F05,kil.b,coda,ih,12.46174439,12.7104068,100,1256,1261,13,13,15,-24,-24
2015_06_18_19_F_05_1_002_sync,F05,kib.l,onset,ih,15.10893539,15.3743787,100,1529,1532,15,15,20,-47,-47
2015_06_18_19_F_05_1_002_sync,F05,cal.b,coda,ae,22.18733634,22.45277965,100,2237,2230,22,22,12,104,103
2015_06_18_19_F_05_1_002_sync,F05,tab.l,onset,ae,24.85893584,25.11064933,100,2502,2495,25,25,19,60,60
2015_06_18_19_F_05_1_002_sync,F05,kil.b,coda,ih,27.16912436,27.38727605,100,2727,2727,27,27,25,23,23
2015_06_18_19_F_05_1_002_sync,F05,kib.l,onset,ih,29.69108045,29.93211518,100,2989,2986,30,30,19,109,109
2015_06_18_19_F_05_1_002_sync,F05,al.b,coda,ae,39.19798425,39.48482659,100,3943,3942,39,39,18,214,214
2015_06_18_19_F_05_1_002_sync,F05,il.b,coda,ih,41.51509378,41.82782872,100,4171,4174,42,42,17,247,247
2015_06_18_19_F_05_1_002_sync,F05,tal.b,coda,ae,46.63792354,46.87438167,100,4684,4678,47,47,16,308,308
2015_06_18_19_F_05_1_003_sync,F05,tal.b,coda,ae,6.415426752,6.633578441,100,643,648,6,6,12,-56,-55
2015_06_18_19_F_05_1_003_sync,F05,kib.l,onset,ih,19.40243667,19.64347141,100,1958,1959,20,20,38,-184,-184
2015_06_18_19_F_05_1_003_sync,F05,cal.b,coda,ae,24.13861306,24.41320959,100,2433,2430,24,24,12,123,123
2015_06_18_19_F_05_1_003_sync,F05,il.b,coda,ih,28.78118037,29.0725578,100,2892,2892,29,29,17,119,119
2015_06_18_19_F_05_1_003_sync,F05,tib.l,onset,ih,31.42379463,31.6999167,100,3165,3167,32,32,40,-84,-83
2015_06_18_19_F_05_1_003_sync,F05,al.b,coda,ae,33.79944004,34.08929194,100,3401,3394,34,34,13,210,209
2015_06_18_19_F_05_1_003_sync,F05,tab.l,onset,ae,36.19034074,36.47103942,100,3635,3636,36,36,10,264,264
2015_06_18_19_F_05_1_003_sync,F05,til.b,coda,ih,38.66071036,38.90021955,100,3880,3878,39,39,30,88,88
2015_06_18_19_F_05_1_004_sync,F05,kib.l,onset,ih,4.305672169,4.536028148,100,449,446,4,4,24,-195,-195
2015_06_18_19_F_05_1_004_sync,F05,cal.b,coda,ae,15.4508336,15.73000674,100,1566,1558,16,16,13,27,26
2015_06_18_19_F_05_1_004_sync,F05,kil.b,coda,ih,17.73051119,17.97459699,100,1782,1788,18,18,14,38,39
2015_06_18_19_F_05_1_004_sync,F05,tib.l,onset,ih,20.17494667,20.44344106,100,2033,2029,20,20,27,-67,-67
2015_06_18_19_F_05_1_004_sync,F05,il.b,coda,ih,24.87992014,25.14078684,100,2500,2512,25,25,16,90,91
2015_06_18_19_F_05_1_004_sync,F05,al.b,coda,ae,29.61096867,29.89319288,100,2966,2974,30,30,13,167,167
2015_06_18_19_F_05_1_004_sync,F05,tal.b,coda,ae,32.0284959,32.27410724,100,3223,3215,32,32,14,182,182
2015_06_18_19_F_05_1_004_sync,F05,cab.l,onset,ae,41.37992137,41.62553272,100,4156,4155,42,42,34,76,76
2015_06_18_19_F_05_1_004_sync,F05,tab.l,onset,ae,43.89286517,44.16593616,100,4410,4407,44,44,31,131,131
2015_06_18_19_F_05_1_005_sync,F05,il.b,coda,ih,5.329186899,5.560305646,100,544,547,5,5,15,-96,-95
2015_06_18_19_F_05_1_005_sync,F05,tab.l,onset,ae,10.15308198,10.3849635,100,1034,1033,10,10,23,-127,-127
2015_06_18_19_F_05_1_005_sync,F05,til.b,coda,ih,12.48310251,12.69820312,100,1267,1257,13,13,26,-133,-134
2015_06_18_19_F_05_1_005_sync,F05,kil.b,coda,ih,15.01421188,15.28118073,100,1509,1520,15,15,10,51,52
2015_06_18_19_F_05_1_005_sync,F05,cab.l,onset,ae,21.9206506,22.22728339,100,2216,2217,22,22,8,142,142
2015_06_18_19_F_05_1_005_sync,F05,tal.b,coda,ae,24.24983774,24.50612784,100,2443,2442,24,24,20,44,44
2015_06_18_19_F_05_1_005_sync,F05,tib.l,onset,ih,30.93202253,31.17305727,100,3112,3102,31,31,21,101,100
2015_06_18_19_F_05_1_005_sync,F05,al.b,coda,ae,33.83743966,34.11203619,100,3405,3399,34,34,18,161,160
2015_06_18_19_F_05_1_005_sync,F05,kib.l,onset,ih,36.16676776,36.45967073,100,3642,3641,36,36,22,144,144
2015_06_18_19_F_05_1_005_sync,F05,cal.b,coda,ae,42.96475235,43.20578709,100,4315,4307,43,43,9,342,341
2015_06_18_19_F_05_1_006_sync,F05,al.b,coda,ae,7.206615901,7.491891186,100,740,743,7,7,14,-66,-66
2015_06_18_19_F_05_1_006_sync,F05,tib.l,onset,ih,9.548007076,9.761582156,100,973,976,10,10,19,-93,-92
2015_06_18_19_F_05_1_006_sync,F05,tal.b,coda,ae,11.63546709,11.90853809,100,1181,1180,12,12,18,-62,-62
2015_06_18_19_F_05_1_006_sync,F05,cab.l,onset,ae,15.90775175,16.17929721,100,1612,1612,16,16,12,41,41
2015_06_18_19_F_05_1_006_sync,F05,il.b,coda,ih,20.19667633,20.44991535,100,2032,2038,20,20,14,63,64
2015_06_18_19_F_05_1_006_sync,F05,cal.b,coda,ae,24.86420334,25.13117219,100,2512,2510,25,25,15,101,101
2015_06_18_19_F_05_1_006_sync,F05,kib.l,onset,ih,27.3010111,27.55425012,100,2750,2750,28,28,9,185,185
2015_06_18_19_F_05_1_006_sync,F05,kil.b,coda,ih,32.07394118,32.31192484,100,3215,3223,32,32,10,222,222
2015_06_18_19_F_05_1_006_sync,F05,tab.l,onset,ae,34.56927063,34.83318841,100,3479,3480,35,35,22,128,128
2015_06_18_19_F_05_1_006_sync,F05,til.b,coda,ih,39.30642108,39.49558758,100,3945,3943,39,39,23,165,164
2015_06_18_19_F_05_1_007_sync,F05,il.b,coda,ih,5.518975317,5.750856832,100,563,569,6,6,15,-94,-93
2015_06_18_19_F_05_1_007_sync,F05,al.b,coda,ae,13.7659255,14.05425186,100,1398,1399,14,14,15,-10,-10
2015_06_18_19_F_05_1_007_sync,F05,kib.l,onset,ih,15.91607372,16.17541489,100,1606,1609,16,16,29,-129,-129
2015_06_18_19_F_05_1_007_sync,F05,tab.l,onset,ae,20.43271425,20.70578524,100,2059,2058,21,21,23,-24,-24
2015_06_18_19_F_05_1_007_sync,F05,kil.b,coda,ih,22.60436075,22.83166565,100,2266,2280,23,23,9,137,138
2015_06_18_19_F_05_1_007_sync,F05,tib.l,onset,ih,27.00520156,27.23250646,100,2721,2719,27,27,21,62,62
2015_06_18_19_F_05_1_007_sync,F05,cab.l,onset,ae,29.15992641,29.41774204,100,2937,2943,29,29,20,94,94
2015_06_18_19_F_05_1_007_sync,F05,tal.b,coda,ae,31.49826696,31.76523581,100,3155,3167,32,32,15,166,167
2015_06_18_19_F_05_1_007_sync,F05,til.b,coda,ih,36.13237398,36.33221924,100,3629,3621,36,36,26,103,102
2015_06_18_19_F_05_1_007_sync,F05,cal.b,coda,ae,38.24022995,38.46448379,100,3840,3848,38,38,28,104,105
2015_06_18_19_F_05_1_008_sync,F05,kil.b,coda,ih,5.696982104,5.925812547,100,585,582,6,6,27,-212,-212
2015_06_18_19_F_05_1_008_sync,F05,tal.b,coda,ae,10.56116221,10.82660552,100,1062,1063,11,11,25,-144,-144
2015_06_18_19_F_05_1_008_sync,F05,kib.l,onset,ih,18.09305737,18.33714318,100,1831,1824,18,18,30,-117,-118
2015_06_18_19_F_05_1_008_sync,F05,tab.l,onset,ae,23.54407627,23.78663654,100,2372,2372,24,24,21,27,27
2015_06_18_19_F_05_1_008_sync,F05,cal.b,coda,ae,35.61563643,35.86429884,100,3579,3584,36,36,9,268,268
2015_06_18_19_F_05_1_008_sync,F05,tib.l,onset,ih,38.18280729,38.42994417,100,3841,3843,38,38,20,184,184
2015_06_18_19_F_05_1_008_sync,F05,al.b,coda,ae,40.51878888,40.77660451,100,4072,4069,41,41,11,297,297
2015_06_18_19_F_05_1_008_sync,F05,il.b,coda,ih,42.85047574,43.12659781,100,4299,4301,43,43,12,310,310
2015_06_18_19_F_05_1_009_sync,F05,til.b,coda,ih,5.294721518,5.476260336,100,540,541,5,5,25,-196,-196
2015_06_18_19_F_05_1_009_sync,F05,tab.l,onset,ae,11.55188024,11.79825435,100,1173,1179,12,12,19,-73,-72
2015_06_18_19_F_05_1_009_sync,F05,cal.b,coda,ae,13.77275418,14.02523044,100,1393,1385,14,14,9,49,49
2015_06_18_19_F_05_1_009_sync,F05,al.b,coda,ae,18.13400105,18.39639329,100,1832,1838,18,18,12,63,64
2015_06_18_19_F_05_1_009_sync,F05,tib.l,onset,ih,31.67699205,31.92031509,100,3184,3180,32,32,6,258,258
2015_06_18_19_F_05_1_009_sync,F05,il.b,coda,ih,33.97723539,34.24420424,100,3408,3423,34,34,6,281,282
2015_06_18_19_F_05_1_010_sync,F05,tab.l,onset,ae,2.919457458,3.151338973,100,308,310,3,3,21,-179,-179
2015_06_18_19_F_05_1_010_sync,F05,cal.b,coda,ae,9.362691216,9.602200414,100,950,943,10,9,8,15,14
2015_06_18_19_F_05_1_010_sync,F05,al.b,coda,ae,11.60617325,11.8563612,100,1176,1174,12,12,11,8,7
2015_06_18_19_F_05_1_010_sync,F05,tib.l,onset,ih,22.61653167,22.83163229,100,2282,2271,23,23,21,18,17
2015_06_18_19_F_05_1_010_sync,F05,kib.l,onset,ih,24.72812499,24.96763419,100,2493,2496,25,25,25,-1,0
2015_06_18_19_F_05_1_010_sync,F05,til.b,coda,ih,27.45831734,27.66884135,100,2761,2752,28,28,24,36,35
2015_06_18_19_F_05_1_010_sync,F05,kil.b,coda,ih,29.85698736,30.10793808,100,2996,3008,30,30,12,180,181
2015_06_18_19_F_05_1_010_sync,F05,il.b,coda,ih,32.19914206,32.48441735,100,3230,3244,32,32,13,193,194
2015_06_19_19_M_06_1_001_sync,M06,al.b,coda,ae,24.64766304,24.99701085,100,2471,2476,25,25,28,-33,-32
2015_06_19_19_M_06_1_001_sync,M06,kil.b,coda,ih,32.48147509,32.82472075,100,3259,3256,33,33,20,126,126
2015_06_19_19_M_06_1_001_sync,M06,al.b,coda,ae,35.01720085,35.37781286,100,3508,3516,35,35,19,161,162
2015_06_19_19_M_06_1_001_sync,M06,til.b,coda,ih,37.80484294,38.0977459,100,3792,3792,38,38,12,259,259
2015_06_19_19_M_06_1_001_sync,M06,il.b,coda,ih,40.2879687,40.64189312,100,4048,4046,40,40,10,305,305
2015_06_19_19_M_06_1_001_sync,M06,til.b,coda,ih,44.74899818,45.06020758,100,4485,4487,45,45,5,399,399
2015_06_19_19_M_06_1_001_sync,M06,til.b,coda,ih,47.4136627,47.68520816,100,4754,4748,48,47,26,215,215
2015_06_19_19_M_06_1_001_sync,M06,cal.b,coda,ae,49.68418758,50.01370342,100,4979,4978,50,50,15,348,348
2015_06_19_19_M_06_1_001_sync,M06,tab.l,onset,ae,52.24137228,52.54495401,100,5249,5238,52,52,25,275,274
2015_06_19_19_M_06_1_003_sync,M06,cal.b,coda,ae,2.555165146,2.848068113,100,277,263,3,3,11,-82,-84
2015_06_19_19_M_06_1_003_sync,M06,tal.b,coda,ae,6.760608118,7.085547348,100,697,685,7,7,13,-60,-62
2015_06_19_19_M_06_1_003_sync,M06,kil.b,coda,ih,10.75441197,11.00917653,100,1089,1086,11,11,19,-81,-81
2015_06_19_19_M_06_1_003_sync,M06,til.b,coda,ih,21.18645491,21.48393448,100,2140,2140,21,21,26,-46,-46
2015_06_19_19_M_06_1_003_sync,M06,cal.b,coda,ae,23.30859169,23.63810753,100,2349,2346,23,23,14,95,95
2015_06_19_19_M_06_1_003_sync,M06,tab.l,onset,ae,27.91135391,28.21493563,100,2814,2821,28,28,24,41,42
2015_06_19_19_M_06_1_003_sync,M06,il.b,coda,ih,29.99410877,30.3404055,100,3024,3012,30,30,16,142,141
2015_06_19_19_M_06_1_003_sync,M06,al.b,coda,ae,32.11901486,32.47293927,100,3232,3237,32,32,24,83,84
2015_06_19_19_M_06_1_003_sync,M06,kil.b,coda,ih,36.40834995,36.75769776,100,3658,3654,37,37,11,256,255
2015_06_19_19_M_06_1_003_sync,M06,til.b,coda,ih,38.77262406,39.11739526,100,3900,3902,39,39,39,0,0
2015_06_19_19_M_06_1_003_sync,M06,kil.b,coda,ih,42.00977435,42.27826874,100,4216,4216,42,42,22,202,202
2015_06_19_19_M_06_1_003_sync,M06,tib.l,onset,ih,47.91630606,48.15428973,100,4811,4806,48,48,12,361,361
2015_06_19_19_M_06_1_004_sync,M06,tal.b,coda,ae,4.449844949,4.72444148,100,460,448,5,4,8,-34,-35
2015_06_19_19_M_06_1_004_sync,M06,tab.l,onset,ae,10.65898431,10.98544908,100,1083,1078,11,11,8,28,28
2015_06_19_19_M_06_1_004_sync,M06,al.b,onset,ae,14.5749858,14.8648377,100,1473,1468,15,15,18,-33,-33
2015_06_19_19_M_06_1_004_sync,M06,il.b,coda,ih,20.65805697,20.99367495,100,2086,2082,21,21,14,69,68
2015_06_19_19_M_06_1_004_sync,M06,kil.b,coda,ih,22.79683378,23.11261979,100,2293,2293,23,23,13,99,99
2015_06_19_19_M_06_1_004_sync,M06,til.b,coda,ih,27.1298579,27.38462246,100,2726,2720,27,27,16,113,112
2015_06_19_19_M_06_1_004_sync,M06,kil.b,coda,ih,29.24644392,29.52104045,100,2946,2938,29,29,11,185,184
2015_06_19_19_M_06_1_004_sync,M06,cab.l,onset,ae,32.19319103,32.46015988,100,3239,3243,32,32,18,144,144
2015_06_19_19_M_06_1_004_sync,M06,cal.b,coda,ae,36.87222997,37.15750525,100,3710,3706,37,37,46,-89,-89
2015_06_19_19_M_06_1_005_sync,M06,tal.b,coda,ae,3.785850103,4.022308227,100,382,389,4,4,7,-32,-31
2015_06_19_19_M_06_1_005_sync,M06,kib.l,onset,ih,5.8817711,6.138061196,100,606,603,6,6,17,-109,-110
2015_06_19_19_M_06_1_005_sync,M06,til.b,coda,ih,8.097376223,8.327732203,100,820,819,8,8,13,-48,-48
2015_06_19_19_M_06_1_005_sync,M06,al.b,coda,ae,12.09603881,12.35537998,100,1214,1221,12,12,12,1,2
2015_06_19_19_M_06_1_005_sync,M06,tab.l,onset,ae,14.20776652,14.4930418,100,1437,1432,14,14,22,-76,-77
2015_06_19_19_M_06_1_005_sync,M06,tib.l,onset,ih,26.8115976,27.04805572,100,2699,2705,27,27,17,100,101
2015_06_19_19_M_06_1_005_sync,M06,cab.l,onset,ae,28.79560308,29.03816335,100,2895,2903,29,29,16,130,130
2015_06_19_19_M_06_1_005_sync,M06,il.b,coda,ih,30.68280754,30.95587853,100,3088,3080,31,31,15,159,158
2015_06_19_19_M_06_1_005_sync,M06,kil.b,coda,ih,36.81927279,37.0465777,100,3696,3694,37,37,30,70,69
2015_06_19_19_M_06_1_005_sync,M06,cab.l,onset,ae,38.65710853,38.91492416,100,3885,3878,39,39,18,209,208
2015_06_19_19_M_06_1_006_sync,M06,tal.b,coda,ae,2.872998837,3.120135715,100,290,300,3,3,8,-51,-50
2015_06_19_19_M_06_1_006_sync,M06,til.b,coda,ih,8.499143535,8.709667542,100,860,859,9,9,24,-154,-154
2015_06_19_19_M_06_1_006_sync,M06,tib.l,onset,ih,10.51878777,10.86813558,100,1074,1072,11,11,35,-243,-243
2015_06_19_19_M_06_1_006_sync,M06,cab.l,onset,ae,12.59141538,12.84770548,100,1277,1282,13,13,31,-182,-182
2015_06_19_19_M_06_1_006_sync,M06,al.b,coda,ae,16.51726276,16.80406358,100,1660,1667,17,17,34,-174,-173
2015_06_19_19_M_06_1_006_sync,M06,cal.b,coda,ae,20.568627,20.80661066,100,2064,2070,21,21,37,-164,-163
2015_06_19_19_M_06_1_006_sync,M06,tab.l,onset,ae,24.60126199,24.8621287,100,2478,2482,25,25,31,-62,-62
2015_06_19_19_M_06_1_006_sync,M06,il.b,coda,ih,30.65313088,30.87280811,100,3077,3079,31,31,35,-42,-42
2015_06_19_19_M_06_1_006_sync,M06,kil.b,coda,ih,34.88782899,35.11513389,100,3504,3501,35,35,31,40,40
2015_06_19_19_M_06_1_006_sync,M06,kib.l,onset,ih,37.01259417,37.32227804,100,3724,3722,37,37,40,-28,-28
2015_06_19_19_M_06_1_007_sync,M06,cab.l,onset,ae,3.449087967,3.693936541,100,361,365,4,4,19,-154,-154
2015_06_19_19_M_06_1_007_sync,M06,kil.b,coda,ih,7.366996469,7.583622621,100,750,747,8,7,12,-45,-45
2015_06_19_19_M_06_1_007_sync,M06,tab.l,onset,ae,15.6321817,15.90525269,100,1579,1577,16,16,23,-72,-72
2015_06_19_19_M_06_1_007_sync,M06,al.b,coda,ae,19.64998415,19.89559549,100,1971,1978,20,20,15,47,48
2015_06_19_19_M_06_1_007_sync,M06,cal.b,coda,ae,23.88191294,24.09548802,100,2395,2400,24,24,7,170,170
2015_06_19_19_M_06_1_007_sync,M06,til.b,coda,ih,26.03635579,26.2514564,100,2617,2615,26,26,10,162,162
2015_06_19_19_M_06_1_007_sync,M06,tal.b,coda,ae,30.27105401,30.49988445,100,3035,3042,30,30,26,44,44
2015_06_19_19_M_06_1_007_sync,M06,il.b,coda,ih,32.21012674,32.46336577,100,3236,3234,32,32,25,74,73
2015_06_19_19_M_06_1_008_sync,M06,cab.l,onset,ae,8.675807577,8.900061411,100,883,889,9,9,26,-172,-171
2015_06_19_19_M_06_1_008_sync,M06,cal.b,coda,ae,15.03204998,15.27766132,100,1510,1516,15,15,9,61,62
2015_06_19_19_M_06_1_008_sync,M06,cab.l,onset,ae,21.50856919,21.76791036,100,2162,2160,22,22,5,166,166
2015_06_19_19_M_06_1_008_sync,M06,il.b,coda,ih,23.697266,23.98101575,100,2382,2387,24,24,4,198,199
2015_06_19_19_M_06_1_008_sync,M06,tib.l,onset,ih,28.82994128,29.05572065,100,2901,2907,29,29,6,230,231
2015_06_19_19_M_06_1_008_sync,M06,til.b,coda,ih,31.21404776,31.42609731,100,3136,3132,31,31,9,224,223
2015_06_19_19_M_06_1_008_sync,M06,kil.b,coda,ih,33.72158174,33.95193772,100,3386,3386,34,34,10,239,239
2015_06_19_19_M_06_1_008_sync,M06,kib.l,onset,ih,35.99238814,36.25783145,100,3620,3625,36,36,9,272,273
2015_06_23_19_M_07_1_001_sync,M07,tib.l,onset,ih,12.08351001,12.30852661,100,1225,1220,12,12,15,-28,-28
2015_06_23_19_M_07_1_001_sync,M07,kib.l,onset,ih,16.74788736,16.95230922,100,1691,1694,17,17,9,79,79
2015_06_23_19_M_07_1_001_sync,M07,al.b,coda,ae,18.82924551,19.07028025,100,1892,1896,19,19,8,109,110
2015_06_23_19_M_07_1_001_sync,M07,kil.b,coda,ih,23.97329164,24.16856028,100,2409,2409,24,24,14,101,101
2015_06_23_19_M_07_1_001_sync,M07,il.b,coda,ih,28.2218608,28.45984446,100,2835,2835,28,28,14,144,144
2015_06_23_19_M_07_1_001_sync,M07,al.b,coda,ae,32.81561167,33.0566464,100,3292,3295,33,33,29,39,40
2015_06_23_19_M_07_1_001_sync,M07,tab.l,onset,ae,44.16851705,44.41107732,100,4433,4439,44,44,12,323,324
2015_06_23_19_M_07_1_001_sync,M07,tab.l,onset,ae,46.38023802,46.60906846,100,4656,4663,47,47,5,416,416
2015_06_23_19_M_07_1_002_sync,M07,tal.b,coda,ae,7.681272783,7.899424472,100,774,775,8,8,20,-123,-123
2015_06_23_19_M_07_1_002_sync,M07,al.b,coda,ae,9.707159951,9.914632886,100,973,980,10,10,24,-143,-142
2015_06_23_19_M_07_1_002_sync,M07,kil.b,coda,ih,15.92433763,16.10129984,100,1599,1604,16,16,4,120,120
2015_06_23_19_M_07_1_002_sync,M07,cal.b,coda,ae,20.63998972,20.87492231,100,2073,2074,21,21,7,137,137
2015_06_23_19_M_07_1_002_sync,M07,cab.l,onset,ae,27.13841735,27.37029886,100,2727,2729,27,27,5,223,223
2015_06_23_19_M_07_1_002_sync,M07,tib.l,onset,ih,34.08132746,34.26591735,100,3424,3424,34,34,7,272,272
2015_06_23_19_M_07_1_002_sync,M07,il.b,coda,ih,38.68866632,38.89919033,100,3881,3881,39,39,20,188,188
2015_06_23_19_M_07_1_003_sync,M07,til.b,coda,ih,3.99637411,4.164183102,100,407,411,4,4,7,-29,-29
2015_06_23_19_M_07_1_003_sync,M07,tal.b,coda,ae,6.154560078,6.352879795,100,620,620,6,6,7,-8,-8
2015_06_23_19_M_07_1_003_sync,M07,kib.l,onset,ih,14.13496332,14.34548733,100,1428,1428,14,14,7,73,73
2015_06_23_19_M_07_1_003_sync,M07,tab.l,onset,ae,16.15488925,16.38219416,100,1626,1631,16,16,8,83,83
2015_06_23_19_M_07_1_003_sync,M07,til.b,coda,ih,21.02517175,21.2204404,100,2112,2109,21,21,12,91,91
2015_06_23_19_M_07_1_003_sync,M07,al.b,coda,ae,29.77650968,30.03432531,100,2987,2992,30,30,4,259,259
2015_06_23_19_M_07_1_003_sync,M07,cal.b,coda,ae,34.88103259,35.1083375,100,3499,3502,35,35,6,290,290
2015_06_23_19_M_07_1_003_sync,M07,tib.l,onset,ih,37.52600556,37.68771241,100,3767,3766,38,38,4,337,337
2015_06_23_19_M_07_1_003_sync,M07,tab.l,onset,ae,39.88570322,40.07486972,100,4001,4003,40,40,4,360,360
2015_06_23_19_M_07_1_004_sync,M07,il.b,coda,ih,7.683422945,7.895472489,100,777,779,8,8,10,-22,-22
2015_06_23_19_M_07_1_004_sync,M07,til.b,coda,ih,9.776152075,9.95921643,100,985,987,10,10,8,19,19
2015_06_23_19_M_07_1_004_sync,M07,cal.b,coda,ae,18.18480903,18.4273693,100,1826,1831,18,18,8,103,103
2015_06_23_19_M_07_1_004_sync,M07,tab.l,onset,ae,26.14953494,26.37531431,100,2631,2623,26,26,8,183,182
2015_06_23_19_M_07_1_004_sync,M07,tib.l,onset,ih,28.08610808,28.27374904,100,2824,2823,28,28,11,172,172
2015_06_23_19_M_07_1_004_sync,M07,til.b,coda,ih,30.10131678,30.27522791,100,3019,3016,30,30,8,222,222
2015_06_23_19_M_07_1_004_sync,M07,tal.b,coda,ae,34.47109553,34.70450258,100,3456,3454,35,35,6,286,285
2015_06_23_19_M_07_1_004_sync,M07,al.b,coda,ae,36.30962385,36.55523519,100,3640,3645,36,36,12,244,245
2015_06_23_19_M_07_1_004_sync,M07,tib.l,onset,ih,38.45505444,38.64422094,100,3862,3860,39,39,8,306,306
2015_06_23_19_M_07_1_004_sync,M07,tab.l,onset,ae,40.63959749,40.85622365,100,4076,4081,41,41,11,298,298
2015_06_23_19_M_07_1_005_sync,M07,tab.l,onset,ae,6.655817261,6.895326458,100,680,677,7,7,8,-12,-12
2015_06_23_19_M_07_1_005_sync,M07,cab.l,onset,ae,10.83421149,11.05693979,100,1095,1097,11,11,17,-61,-60
2015_06_23_19_M_07_1_005_sync,M07,al.b,coda,ae,18.64292197,18.88243116,100,1874,1876,19,19,10,87,88
2015_06_23_19_M_07_1_005_sync,M07,tab.l,onset,ae,20.60321128,20.81983743,100,2074,2074,21,21,8,127,127
2015_06_23_19_M_07_1_005_sync,M07,tib.l,onset,ih,22.56502611,22.76182029,100,2271,2270,23,23,16,67,67
2015_06_23_19_M_07_1_005_sync,M07,til.b,coda,ih,26.65715714,26.85090025,100,2677,2680,27,27,8,188,188
2015_06_23_19_M_07_1_005_sync,M07,tal.b,coda,ae,28.91020849,29.13293678,100,2899,2905,29,29,7,220,221
2015_06_23_19_M_07_1_005_sync,M07,il.b,coda,ih,31.95375715,32.17495991,100,3208,3208,32,32,9,231,231
2015_06_23_19_M_07_1_005_sync,M07,tib.l,onset,ih,36.42422116,36.59203015,100,3659,3656,37,37,12,246,246
2015_06_23_19_M_07_1_005_sync,M07,til.b,coda,ih,39.29080756,39.5150614,100,3942,3942,39,39,23,164,164
2015_06_23_19_M_07_1_006_sync,M07,tib.l,onset,ih,5.309110612,5.483021749,100,544,544,5,5,12,-66,-66
2015_06_23_19_M_07_1_006_sync,M07,kib.l,onset,ih,7.537753131,7.723868558,100,768,767,8,8,9,-13,-13
2015_06_23_19_M_07_1_006_sync,M07,tab.l,onset,ae,22.02573692,22.24693968,100,2213,2215,22,22,5,171,172
2015_06_23_19_M_07_1_006_sync,M07,tal.b,coda,ae,24.00974229,24.23094506,100,2410,2416,24,24,12,121,122
2015_06_23_19_M_07_1_006_sync,M07,il.b,coda,ih,25.99069662,26.21495046,100,2609,2610,26,26,11,151,151
2015_06_23_19_M_07_1_006_sync,M07,tal.b,coda,ae,30.66751793,30.88566962,100,3074,3079,31,31,8,227,228
2015_06_23_19_M_07_1_006_sync,M07,al.b,coda,ae,32.87411067,33.12582416,100,3295,3301,33,33,10,230,230
2015_06_23_19_M_07_1_006_sync,M07,tab.l,onset,ae,35.4060528,35.64251093,100,3553,3551,36,36,16,195,195
2015_06_23_19_M_07_1_006_sync,M07,til.b,coda,ih,37.60349218,37.80943957,100,3770,3771,38,38,6,317,317
2015_06_23_19_M_07_1_006_sync,M07,kil.b,coda,ih,39.85959415,40.04723511,100,3995,3997,40,40,8,320,320
2015_06_23_19_M_07_1_007_sync,M07,cal.b,coda,ae,3.744660623,3.970439993,100,381,385,4,4,11,-72,-72
2015_06_23_19_M_07_1_007_sync,M07,tib.l,onset,ih,10.25848471,10.45070229,100,1039,1037,10,10,14,-36,-36
2015_06_23_19_M_07_1_007_sync,M07,il.b,coda,ih,15.80401611,16.04047424,100,1591,1593,16,16,9,69,69
2015_06_23_19_M_07_1_007_sync,M07,til.b,coda,ih,20.24687922,20.44672447,100,2036,2035,20,20,13,74,74
2015_06_23_19_M_07_1_007_sync,M07,cab.l,onset,ae,22.39383513,22.6196145,100,2253,2251,23,23,9,135,135
2015_06_23_19_M_07_1_007_sync,M07,tib.l,onset,ih,28.68645641,28.90613363,100,2886,2884,29,29,15,139,138
2015_06_23_19_M_07_1_007_sync,M07,al.b,coda,ae,30.67532034,30.87516559,100,3076,3080,31,31,12,188,188
2015_06_23_19_M_07_1_007_sync,M07,tal.b,coda,ae,32.82241726,33.01921145,100,3292,3295,33,33,9,239,240
2015_06_23_19_M_07_1_007_sync,M07,til.b,coda,ih,34.96646303,35.15105293,100,3508,3508,35,35,5,301,301
2015_06_23_19_M_07_1_008_sync,M07,tal.b,coda,ae,3.302537263,3.491703763,100,337,337,3,3,10,-66,-66
2015_06_23_19_M_07_1_008_sync,M07,cal.b,coda,ae,7.650817628,7.878122535,100,770,777,8,8,6,17,18
2015_06_23_19_M_07_1_008_sync,M07,al.b,coda,ae,9.584480579,9.798055659,100,963,969,10,10,6,36,37
2015_06_23_19_M_07_1_008_sync,M07,tab.l,onset,ae,15.19117499,15.40780114,100,1530,1533,15,15,15,3,3
2015_06_23_19_M_07_1_008_sync,M07,tib.l,onset,ih,17.35269426,17.52050325,100,1746,1742,17,17,10,75,74
2015_06_23_19_M_07_1_008_sync,M07,tab.l,onset,ae,23.13718403,23.35838679,100,2329,2330,23,23,16,73,73
2015_06_23_19_M_07_1_008_sync,M07,kib.l,onset,ih,25.1858136,25.39023546,100,2535,2535,25,25,17,84,84
2015_06_23_19_M_07_1_008_sync,M07,til.b,coda,ih,27.17675465,27.36897222,100,2727,2728,27,27,9,183,183
2015_06_23_19_M_07_1_008_sync,M07,il.b,coda,ih,31.46124426,31.69465131,100,3159,3159,32,32,9,226,226
2015_06_23_19_M_07_1_008_sync,M07,til.b,coda,ih,33.41612379,33.61444351,100,3358,3353,34,34,15,186,185
2015_06_23_19_M_07_1_009_sync,M07,til.b,coda,ih,2.839575352,3.007384344,100,292,289,3,3,9,-61,-61
2015_06_23_19_M_07_1_009_sync,M07,kib.l,onset,ih,8.720724703,8.909891203,100,886,886,9,9,15,-61,-61
2015_06_23_19_M_07_1_009_sync,M07,kil.b,coda,ih,18.70343984,18.90633616,100,1881,1881,19,19,10,88,88
2015_06_23_19_M_07_1_009_sync,M07,cab.l,onset,ae,20.63696158,20.84748559,100,2078,2077,21,21,13,78,78
2015_06_23_19_M_07_1_009_sync,M07,cal.b,coda,ae,30.10113543,30.33606802,100,3020,3025,30,30,12,182,183
2015_06_23_19_M_07_1_009_sync,M07,al.b,coda,ae,32.38691519,32.61727117,100,3248,3250,32,33,10,225,225
2015_06_23_19_M_07_1_009_sync,M07,il.b,coda,ih,34.92717755,35.20024855,100,3510,3512,35,35,11,241,241
2015_06_23_19_M_07_1_009_sync,M07,tib.l,onset,ih,37.84743935,38.04423353,100,3801,3798,38,38,18,200,200
2015_06_23_19_M_07_1_010_sync,M07,cab.l,onset,ae,4.849969713,5.077274619,100,498,498,5,5,8,-30,-30
2015_06_23_19_M_07_1_010_sync,M07,tal.b,coda,ae,6.96474832,7.164593573,100,704,703,7,7,8,-10,-10
2015_06_23_19_M_07_1_010_sync,M07,tal.b,coda,ae,9.000762934,9.246374276,100,907,913,9,9,8,11,11
2015_06_23_19_M_07_1_010_sync,M07,tib.l,onset,ih,20.78802113,20.9802387,100,2095,2091,21,21,7,140,139
2015_06_23_19_M_07_1_010_sync,M07,kib.l,onset,ih,22.93290004,23.12206654,100,2309,2306,23,23,14,91,91
2015_06_23_19_M_07_1_010_sync,M07,til.b,coda,ih,25.16099121,25.35015771,100,2528,2524,25,25,12,133,132
2015_06_23_19_M_07_1_010_sync,M07,kil.b,coda,ih,27.1784174,27.35843069,100,2729,2731,27,27,8,193,193
2015_06_23_19_M_07_1_010_sync,M07,il.b,coda,ih,29.15603872,29.39402238,100,2928,2928,29,29,12,173,173
2015_06_23_19_M_08_1_001_sync,M08,tib.l,onset,ih,14.28681179,14.44851863,100,1441,1438,14,14,35,-206,-206
2015_06_23_19_M_08_1_001_sync,M08,tib.l,onset,ih,16.40520523,16.57453976,100,1653,1650,17,17,31,-145,-145
2015_06_23_19_M_08_1_001_sync,M08,kil.b,coda,ih,19.183592,19.34987545,100,1928,1928,19,19,34,-147,-147
2015_06_23_19_M_08_1_001_sync,M08,il.b,coda,ih,21.61734842,21.82634689,100,2174,2170,22,22,39,-173,-173
2015_06_23_19_M_08_1_001_sync,M08,al.b,coda,ae,26.11193834,26.32093681,100,2619,2617,26,26,40,-138,-138
2015_06_23_19_M_08_1_001_sync,M08,tab.l,onset,ae,28.99447183,29.21262352,100,2915,2917,29,29,36,-69,-68
2015_06_23_19_M_08_1_001_sync,M08,til.b,coda,ih,33.9723749,34.1447605,100,3409,3408,34,34,30,41,41
2015_06_23_19_M_08_1_001_sync,M08,cal.b,coda,ae,36.49072821,36.68904792,100,3658,3658,37,37,37,-4,-4
2015_06_23_19_M_08_1_001_sync,M08,cab.l,onset,ae,39.23000238,39.44052638,100,3938,3941,39,39,35,44,44
2015_06_23_19_M_08_1_001_sync,M08,tal.b,coda,ae,46.121736,46.30785143,100,4621,4620,46,46,38,82,82
2015_06_23_19_M_08_1_002_sync,M08,il.b,coda,ih,4.564694389,4.795050368,100,468,465,5,5,39,-343,-344
2015_06_23_19_M_08_1_002_sync,M08,tal.b,coda,ae,6.958646188,7.158491442,100,705,705,7,7,32,-250,-250
2015_06_23_19_M_08_1_002_sync,M08,kib.l,onset,ih,13.79255115,13.98019211,100,1391,1393,14,14,34,-201,-201
2015_06_23_19_M_08_1_002_sync,M08,kil.b,coda,ih,20.57847223,20.76306212,100,2070,2069,21,21,30,-93,-93
2015_06_23_19_M_08_1_002_sync,M08,kib.l,onset,ih,23.10195378,23.29417135,100,2324,2323,23,23,31,-78,-78
2015_06_23_19_M_08_1_002_sync,M08,cal.b,coda,ae,29.79495819,30.02836524,100,2990,2987,30,30,35,-51,-51
2015_06_23_19_M_08_1_002_sync,M08,tab.l,onset,ae,33.92591969,34.12118833,100,3406,3407,34,34,35,-9,-9
2015_06_23_19_M_08_1_002_sync,M08,til.b,coda,ih,36.11725719,36.29116833,100,3625,3620,36,36,28,83,82
2015_06_23_19_M_08_1_002_sync,M08,cab.l,onset,ae,38.21858808,38.41995887,100,3837,3832,38,38,31,74,73
2015_06_23_19_M_08_1_002_sync,M08,al.b,coda,ae,42.4883734,42.6775399,100,4258,4258,43,43,29,136,136
2015_06_23_19_M_08_1_003_sync,M08,il.b,coda,ih,7.914974857,8.101090284,100,799,803,8,8,28,-200,-200
2015_06_23_19_M_08_1_003_sync,M08,kib.l,onset,ih,11.94390143,12.12238918,100,1207,1205,12,12,28,-159,-160
2015_06_23_19_M_08_1_003_sync,M08,tal.b,coda,ae,17.98928668,18.16548612,100,1808,1814,18,18,31,-129,-129
2015_06_23_19_M_08_1_003_sync,M08,cal.b,coda,ae,20.05941444,20.26917568,100,2016,2012,20,20,33,-128,-129
2015_06_23_19_M_08_1_003_sync,M08,til.b,coda,ih,24.31016566,24.48560233,100,2442,2442,24,24,34,-96,-96
2015_06_23_19_M_08_1_003_sync,M08,cab.l,onset,ae,26.45657034,26.67014542,100,2659,2661,27,27,31,-44,-44
2015_06_23_19_M_08_1_003_sync,M08,kil.b,coda,ih,28.66607337,28.85371433,100,2878,2879,29,29,32,-32,-32
2015_06_23_19_M_08_1_003_sync,M08,al.b,coda,ae,30.68128195,30.89943364,100,3077,3086,31,31,32,-12,-11
2015_06_23_19_M_08_1_003_sync,M08,kib.l,onset,ih,36.65351185,36.82742299,100,3679,3677,37,37,30,68,68
2015_06_23_19_M_08_1_003_sync,M08,kib.l,onset,ih,38.68196289,38.89172413,100,3884,3884,39,39,30,88,88
2015_06_23_19_M_08_1_004_sync,M08,cab.l,onset,ae,5.31643733,5.51780812,100,538,543,5,5,40,-346,-346
2015_06_23_19_M_08_1_004_sync,M08,al.b,coda,ae,7.146081585,7.359656665,100,724,722,7,7,41,-338,-338
2015_06_23_19_M_08_1_004_sync,M08,kil.b,coda,ih,14.65218383,14.8108396,100,1474,1474,15,15,32,-173,-173
2015_06_23_19_M_08_1_004_sync,M08,kib.l,onset,ih,16.52122269,16.67530186,100,1664,1664,17,17,33,-164,-164
2015_06_23_19_M_08_1_004_sync,M08,til.b,coda,ih,18.6240789,18.77815806,100,1872,1871,19,19,38,-193,-193
2015_06_23_19_M_08_1_004_sync,M08,tab.l,onset,ae,20.87033547,21.05034875,100,2101,2099,21,21,30,-90,-90
2015_06_23_19_M_08_1_004_sync,M08,tal.b,coda,ae,26.85369548,27.04133644,100,2695,2697,27,27,40,-131,-130
2015_06_23_19_M_08_1_004_sync,M08,cal.b,coda,ae,31.21403843,31.3894751,100,3131,3133,31,31,36,-47,-47
2015_06_23_19_M_08_1_004_sync,M08,il.b,coda,ih,33.06906551,33.28569166,100,3322,3319,33,33,36,-28,-28
2015_06_23_19_M_08_1_004_sync,M08,tib.l,onset,ih,35.2726071,35.43278841,100,3541,3543,35,35,32,34,34
2015_06_23_19_M_08_1_005_sync,M08,tal.b,coda,ae,5.32589302,5.521161665,100,540,541,5,5,40,-346,-346
2015_06_23_19_M_08_1_005_sync,M08,til.b,coda,ih,9.048574691,9.190449565,100,913,912,9,9,32,-229,-229
2015_06_23_19_M_08_1_005_sync,M08,al.b,coda,ae,12.47086666,12.65850763,100,1256,1257,13,13,42,-294,-294
2015_06_23_19_M_08_1_005_sync,M08,tib.l,onset,ih,16.22696927,16.38562504,100,1636,1631,16,16,32,-156,-157
2015_06_23_19_M_08_1_005_sync,M08,kib.l,onset,ih,21.66377749,21.81938219,100,2178,2174,22,22,29,-72,-73
2015_06_23_19_M_08_1_005_sync,M08,il.b,coda,ih,23.47401287,23.67690919,100,2359,2357,24,24,34,-104,-104
2015_06_23_19_M_08_1_005_sync,M08,cab.l,onset,ae,27.64449754,27.86722584,100,2779,2783,28,28,41,-132,-132
2015_06_23_19_M_08_1_005_sync,M08,tab.l,onset,ae,30.02721946,30.24537115,100,3019,3024,30,30,39,-88,-88
2015_06_23_19_M_08_1_005_sync,M08,kil.b,coda,ih,33.85363763,34.03365091,100,3398,3397,34,34,41,-70,-70
2015_06_23_19_M_08_1_005_sync,M08,cal.b,coda,ae,35.88853725,36.08990804,100,3601,3600,36,36,32,40,40
2015_06_23_19_M_08_1_006_sync,M08,cal.b,coda,ae,3.126407986,3.329304312,100,320,323,3,3,34,-308,-308
2015_06_23_19_M_08_1_006_sync,M08,kil.b,coda,ih,5.155346106,5.347563678,100,523,526,5,5,33,-278,-277
2015_06_23_19_M_08_1_006_sync,M08,tab.l,onset,ae,7.130890394,7.333786721,100,727,725,7,7,32,-247,-248
2015_06_23_19_M_08_1_006_sync,M08,tal.b,coda,ae,13.08526502,13.2942635,100,1318,1320,13,13,33,-198,-198
2015_06_23_19_M_08_1_006_sync,M08,til.b,coda,ih,16.99142099,17.16380659,100,1711,1711,17,17,30,-129,-129
2015_06_23_19_M_08_1_006_sync,M08,kib.l,onset,ih,21.09437099,21.26675659,100,2124,2125,21,21,30,-88,-88
2015_06_23_19_M_08_1_006_sync,M08,kib.l,onset,ih,29.02664886,29.19598339,100,2916,2917,29,29,28,12,12
2015_06_23_19_M_08_1_006_sync,M08,cab.l,onset,ae,33.15844319,33.36133952,100,3330,3338,33,33,33,3,4
2015_06_23_19_M_08_1_006_sync,M08,al.b,coda,ae,35.23162191,35.42841609,100,3534,3533,35,35,36,-7,-7
2015_06_23_19_M_08_1_006_sync,M08,il.b,coda,ih,37.2924553,37.47704519,100,3742,3740,37,37,33,44,44
2015_06_23_19_M_08_1_007_sync,M08,al.b,coda,ae,2.490823396,2.699821867,100,256,259,3,3,35,-324,-324
2015_06_23_19_M_08_1_007_sync,M08,til.b,coda,ih,5.00667761,5.180588747,100,511,509,5,5,32,-269,-269
2015_06_23_19_M_08_1_007_sync,M08,tib.l,onset,ih,9.519716026,9.682948409,100,964,968,10,10,32,-224,-223
2015_06_23_19_M_08_1_007_sync,M08,tal.b,coda,ae,11.65544214,11.84613417,100,1173,1175,12,12,31,-193,-193
2015_06_23_19_M_08_1_007_sync,M08,cal.b,coda,ae,13.76523411,13.96965597,100,1385,1386,14,14,37,-232,-231
2015_06_23_19_M_08_1_007_sync,M08,kil.b,coda,ih,15.96322537,16.14323866,100,1607,1607,16,16,33,-169,-169
2015_06_23_19_M_08_1_007_sync,M08,il.b,coda,ih,20.08836697,20.29278884,100,2020,2018,20,20,22,-18,-18
2015_06_23_19_M_08_1_007_sync,M08,tab.l,onset,ae,30.2444309,30.44427616,100,3040,3039,30,30,37,-66,-66
2015_06_23_19_M_08_1_007_sync,M08,kib.l,onset,ih,38.62951276,38.80037282,100,3878,3876,39,39,33,58,58
2015_06_23_19_M_08_1_008_sync,M08,kib.l,onset,ih,3.364802088,3.550917515,100,349,354,3,4,30,-265,-265
2015_06_23_19_M_08_1_008_sync,M08,tib.l,onset,ih,5.391663301,5.567099974,100,551,551,6,6,32,-265,-265
2015_06_23_19_M_08_1_008_sync,M08,til.b,coda,ih,13.18747601,13.36291268,100,1329,1329,13,13,32,-187,-187
2015_06_23_19_M_08_1_008_sync,M08,kil.b,coda,ih,17.14785891,17.32787219,100,1725,1731,17,17,41,-238,-237
2015_06_23_19_M_08_1_008_sync,M08,al.b,coda,ae,19.17055388,19.38565449,100,1926,1928,19,19,41,-217,-217
2015_06_23_19_M_08_1_008_sync,M08,il.b,coda,ih,25.26818795,25.49854393,100,2540,2540,25,25,29,-36,-36
2015_06_23_19_M_08_1_008_sync,M08,tab.l,onset,ae,27.39850373,27.60292559,100,2756,2755,28,28,38,-104,-105
2015_06_23_19_M_08_1_008_sync,M08,cab.l,onset,ae,29.59746862,29.78663512,100,2973,2971,30,30,27,27,27
2015_06_23_19_M_08_1_008_sync,M08,tal.b,coda,ae,33.88264974,34.09012268,100,3398,3401,34,34,33,10,10
2015_06_23_19_M_08_1_008_sync,M08,cal.b,coda,ae,38.13634573,38.3621251,100,3825,3828,38,38,32,63,63
2015_06_23_19_M_08_1_009_sync,M08,til.b,coda,ih,5.111805115,5.281902411,100,521,521,5,5,37,-318,-318
2015_06_23_19_M_08_1_009_sync,M08,tib.l,onset,ih,7.213312128,7.390274337,100,735,728,7,7,33,-257,-257
2015_06_23_19_M_08_1_009_sync,M08,cal.b,coda,ae,16.11484549,16.33147164,100,1621,1624,16,16,33,-168,-168
2015_06_23_19_M_08_1_009_sync,M08,cab.l,onset,ae,18.33378363,18.53210334,100,1846,1846,18,18,44,-255,-255
2015_06_23_19_M_08_1_009_sync,M08,il.b,coda,ih,20.38629728,20.64106184,100,2052,2052,21,21,31,-105,-105
2015_06_23_19_M_08_1_009_sync,M08,kib.l,onset,ih,24.90918073,25.10597492,100,2505,2505,25,25,42,-170,-170
2015_06_23_19_M_08_1_009_sync,M08,tal.b,coda,ae,26.98083417,27.18220496,100,2706,2711,27,27,48,-209,-209
2015_06_23_19_M_08_1_009_sync,M08,tab.l,onset,ae,33.20716558,33.4390471,100,3330,3334,33,33,38,-47,-47
2015_06_23_19_M_08_1_009_sync,M08,al.b,coda,ae,39.35042567,39.57315397,100,3946,3952,39,40,36,35,35
2015_06_23_19_M_08_1_010_sync,M08,tab.l,onset,ae,3.051246398,3.248040579,100,317,320,3,3,34,-308,-308
2015_06_23_19_M_08_1_010_sync,M08,cab.l,onset,ae,5.066172799,5.29195217,100,514,520,5,5,36,-309,-308
2015_06_23_19_M_08_1_010_sync,M08,tal.b,coda,ae,7.035896948,7.232691129,100,711,713,7,7,35,-279,-279
2015_06_23_19_M_08_1_010_sync,M08,cal.b,coda,ae,9.076347133,9.282294531,100,916,918,9,9,34,-248,-248
2015_06_23_19_M_08_1_010_sync,M08,al.b,coda,ae,11.0456483,11.28820857,100,1115,1118,11,11,38,-269,-268
2015_06_23_19_M_08_1_010_sync,M08,kib.l,onset,ih,23.05563401,23.21886639,100,2319,2324,23,23,35,-118,-118
2015_06_23_19_M_08_1_010_sync,M08,til.b,coda,ih,25.64859765,25.82403432,100,2576,2574,26,26,31,-52,-53
2015_06_23_19_M_08_1_010_sync,M08,kil.b,coda,ih,27.70208537,27.87294544,100,2781,2781,28,28,34,-62,-62
2015_06_23_19_M_08_1_010_sync,M08,il.b,coda,ih,29.68816746,29.90937022,100,2982,2981,30,30,40,-102,-102
